uid,station,latitude,longitude,slots,free_bikes,ll
7303,Queen St E / Woodward Ave,43.665269,-79.319796,19,0,"43.665269,-79.319796"
7301,Primrose Ave / Davenport Rd,43.67142,-79.445947,15,12,"43.67142,-79.445947"
7309,Queen St. E / Rhodes Ave.,43.666224,-79.317693,23,4,"43.666224,-79.317693"
7045,Bond St / Queen St E,43.653236,-79.376716,25,11,"43.653236,-79.376716"
7044,Church St / Alexander St,43.663722,-79.380288,27,17,"43.663722,-79.380288"
7047,University Ave / Gerrard St W,43.657763,-79.389165,25,18,"43.657763,-79.389165"
7041,Edward St / Yonge St,43.656729,-79.382736,23,21,"43.656729,-79.382736"
7040,Euclid Ave / Bloor St W,43.664467,-79.414783,19,1,"43.664467,-79.414783"
7128,Yonge St / Aylmer Ave,43.675492,-79.388858,15,14,"43.675492,-79.388858"
7129,Davenport Rd / Avenue Rd,43.674991,-79.396273,11,5,"43.674991,-79.396273"
7126,Yonge St / Yorkville Ave,43.671944,-79.387778,17,4,"43.671944,-79.387778"
7124,Dundas St E / Broadview Ave,43.662365,-79.351104,19,8,"43.662365,-79.351104"
7048,Front St W / Yonge St (Hockey Hall of Fame),43.646144,-79.377962,47,43,"43.646144,-79.377962"
7120,Gerrard St E / River St,43.663993,-79.358534,11,1,"43.663993,-79.358534"
7121,Jarvis St / Dundas St E,43.657266,-79.374756,27,18,"43.657266,-79.374756"
7346,Logan Av / Gerrard St E,43.6672144,-79.3452697,15,7,"43.6672144,-79.3452697"
7347,Regal Rd / Dufferin St,43.673939,-79.441159,15,6,"43.673939,-79.441159"
7342,Morse St / Eastern Ave,43.657991,-79.340075,11,4,"43.657991,-79.340075"
7343,Alton Ave / Dundas St E (Greenwood Park),43.66745,-79.329408,22,13,"43.66745,-79.329408"
7340,Blake St / Boultbee Ave,43.672453,-79.338259,15,5,"43.672453,-79.338259"
7341,Eastern Ave / Winnifred Ave,43.6592088,-79.3348396,14,8,"43.6592088,-79.3348396"
7349,Gamble Ave / Broadview Ave,43.689211,-79.35438,23,3,"43.689211,-79.35438"
7268,111 Bond St (North of Dundas St E),43.656927,-79.378497,16,13,"43.656927,-79.378497"
7267,Dundas St E / Pembroke St,43.658295,-79.372346,16,4,"43.658295,-79.372346"
7266,Victoria Park Subway Station,43.6940155,-79.2889842,20,9,"43.6940155,-79.2889842"
7262,Wychwood Ave / Benson Ave,43.6809164,-79.4229684,16,7,"43.6809164,-79.4229684"
7379,Lawton Blvd / Yonge St,43.6910667,-79.39535,15,3,"43.6910667,-79.39535"
7378,Yonge St / Davisville Ave,43.6975969,-79.39654,15,6,"43.6975969,-79.39654"
7000,Fort York  Blvd / Capreol Ct,43.639832,-79.395954,35,10,"43.639832,-79.395954"
7002,St. George St / Bloor St W,43.667333,-79.399429,19,6,"43.667333,-79.399429"
7005,King St W / York St,43.6480008,-79.383177,23,19,"43.6480008,-79.383177"
7004,University Ave / Elm St,43.656518,-79.389099,10,10,"43.656518,-79.389099"
7279,Rosehill Ave / Avoca Ave,43.687999,-79.38906,16,3,"43.687999,-79.38906"
7174,Bloor St W / Dundas St W,43.6563889,-79.45166666666667,15,10,"43.6563889,-79.45166666666667"
7176,Bathurst St / Fort York Blvd,43.639179,-79.399595,19,6,"43.639179,-79.399595"
7170,Spadina Ave / Willcocks St,43.6616667,-79.40138888888889,15,4,"43.6616667,-79.40138888888889"
7173,Cariboo St / Rail Path,43.66666667,-79.45833333333334,19,3,"43.66666667,-79.45833333333334"
7178,Dundas St W / Edna Ave,43.657192,-79.452559,15,10,"43.657192,-79.452559"
7078,College St / Major St,43.6576,-79.4032,15,4,"43.6576,-79.4032"
7079,McGill St / Church St,43.660694,-79.379052,19,10,"43.660694,-79.379052"
7075,Queens Quay W / Dan Leckie Way,43.636533,-79.395854,27,10,"43.636533,-79.395854"
7077,College Park South,43.659777,-79.382767,18,16,"43.659777,-79.382767"
7070,25 York St â€“ Union Station South,43.643667,-79.380414,11,9,"43.643667,-79.380414"
7071,161 Bleecker St (South of Wellesley),43.666233,-79.373327,23,15,"43.666233,-79.373327"
7073,Spadina Ave / Fort York Blvd,43.640114,-79.393249,23,6,"43.640114,-79.393249"
7189,Augusta Ave / Denison Sq,43.653766,-79.4016759,12,5,"43.653766,-79.4016759"
7180,Lansdowne Ave / Wade Ave,43.6587734,-79.443054,23,5,"43.6587734,-79.443054"
7181,Lansdowne Ave / Whytock Ave,43.6538888888889,-79.4413888888889,15,2,"43.6538888888889,-79.4413888888889"
7182,Sterling Rd / Dundas St W,43.6508333333333,-79.4430555555556,19,0,"43.6508333333333,-79.4430555555556"
7183,St Clarens Ave / College St,43.651238,-79.43868,15,2,"43.651238,-79.43868"
7184,Ossington Ave / College St,43.6544915,-79.422634,11,2,"43.6544915,-79.422634"
7221,High Park Subway Station,43.6543604,-79.4655296,11,1,"43.6543604,-79.4655296"
7220,Lake Shore Blvd W / Ellis Ave,43.635932,-79.465083,19,14,"43.635932,-79.465083"
7223,Parkside Dr / Bloor St W,43.654501,-79.460053,12,11,"43.654501,-79.460053"
7225,Lake Shore Blvd W / Windermere Ave,43.634896,-79.467763,19,5,"43.634896,-79.467763"
7227,Martin Goodman Trail (Marilyn Bell Park),43.6314,-79.4304,31,24,"43.6314,-79.4304"
7226,Lake Shore Blvd W / The Boulevard Club,43.636731,-79.444966,19,12,"43.636731,-79.444966"
7229,Dundas St W / Roncesvalles Green P,43.6534268,-79.4512787,12,1,"43.6534268,-79.4512787"
7380,Erskine Ave / Yonge St SMART,43.7112153,-79.39894,16,1,"43.7112153,-79.39894"
7386,"D'Arcy St, /McCaul St. SMART",43.655227,-79.39201,15,14,"43.655227,-79.39201"
7387,Mortimer Ave / Carlaw Ave SMART,43.685167,-79.34962,12,2,"43.685167,-79.34962"
7384,Cumberland Ave / Bay St SMART,43.6704537,-79.39014,9,8,"43.6704537,-79.39014"
7385,20 Charles St E,43.6691099,-79.38551,22,3,"43.6691099,-79.38551"
7122,Niagara St / Tecumseth St,43.641389,-79.404444,15,6,"43.641389,-79.404444"
7123,424 Wellington St W,43.643834,-79.396649,15,14,"43.643834,-79.396649"
7257,Dundas St W / St. Patrick St,43.6545174,-79.3895315,19,16,"43.6545174,-79.3895315"
7252,Robert St / Bloor St W,43.665846,-79.404998,18,6,"43.665846,-79.404998"
7253,John St / Mercer St - SMART,43.6461,-79.3895,11,10,"43.6461,-79.3895"
7315,Queen St E / Hammersmith Ave,43.671349,-79.29451,11,10,"43.671349,-79.29451"
7314,Queen St. E / Eastern Ave,43.667208,-79.312315,15,0,"43.667208,-79.312315"
7317,Hubbard Blvd / Balsam Av,43.669328,-79.288949,19,16,"43.669328,-79.288949"
7316,Queen St. E / Spruce Hill Rd.,43.672571,-79.289,15,6,"43.672571,-79.289"
7259,Lower Spadina Ave / Lake Shore Blvd W,43.638497,-79.39192,19,12,"43.638497,-79.39192"
7313,Coxwell Ave /  Lake Shore Blvd E,43.662771,-79.315223,15,5,"43.662771,-79.315223"
7312,Amelia St. / Sumach St.,43.66852,-79.363525,11,6,"43.66852,-79.363525"
7032,Augusta Ave / Dundas St W,43.652473,-79.401456,15,5,"43.652473,-79.401456"
7035,Queen St W / Ossington Ave,43.643975,-79.419576,23,11,"43.643975,-79.419576"
7036,Trinity St / Front St E,43.651318,-79.36023,19,14,"43.651318,-79.36023"
7038,Dundas St W / Yonge St,43.656094,-79.381484,31,29,"43.656094,-79.381484"
7132,Kendal Ave / Spadina Rd,43.670318,-79.405181,9,0,"43.670318,-79.405181"
7137,Davenport Rd / Bathurst St,43.676667,-79.416111,27,5,"43.676667,-79.416111"
7136,Queen St W / Close Ave,43.640634,-79.435841,23,13,"43.640634,-79.435841"
7148,King St W / Joe Shuster Way,43.639444,-79.423611,23,21,"43.639444,-79.423611"
7149,Yarmouth Rd / Christie St,43.67,-79.42083333333333,11,0,"43.67,-79.42083333333333"
7144,Palmerston Ave / Vermont Ave,43.671389,-79.416389,15,1,"43.671389,-79.416389"
7146,Christie St / Benson Ave (Wychwood Barns),43.68,-79.42500000000001,19,3,"43.68,-79.42500000000001"
7147,King St W / Fraser Ave,43.6394444,-79.42527777777778,15,15,"43.6394444,-79.42527777777778"
7140,Macpherson Ave / Spadina Rd,43.675791,-79.40698,15,0,"43.675791,-79.40698"
7141,Bridgeman Ave / Kendal Ave,43.675556,-79.410278,15,7,"43.675556,-79.410278"
7142,Bridgeman Ave / Bathurst St,43.674444,-79.414722,15,0,"43.674444,-79.414722"
7143,Kendal Ave / Bernard Ave,43.671513,-79.408317,15,5,"43.671513,-79.408317"
7351,Pretoria Av / Broadview Av,43.6783213,-79.35822,19,9,"43.6783213,-79.35822"
7350,Broadview Ave/ Westwood Ave,43.6848652,-79.356602,23,0,"43.6848652,-79.356602"
7353,Fulton Ave / Pape Ave,43.68395,-79.347046,19,9,"43.68395,-79.347046"
7352,Cosburn Ave / Donlands Ave,43.690537,-79.341307,19,0,"43.690537,-79.341307"
7355,Beltline Trail / Chaplin Cres.,43.704461,-79.423122,15,9,"43.704461,-79.423122"
7357,Lake Shore Blvd E / Leslie St,43.659195,-79.329196,19,16,"43.659195,-79.329196"
7356,King St E / Ontario St.,43.651885,-79.3649,17,13,"43.651885,-79.3649"
7359,Rosedale Park (20 Schofield Ave),43.682645,-79.377557,23,3,"43.682645,-79.377557"
7210,Mary McCormick Rec Centre (Sheridan Ave),43.6475,-79.43305555555555,15,1,"43.6475,-79.43305555555555"
7217,Soho St. / Queen St W,43.6494896,-79.393535,7,6,"43.6494896,-79.393535"
7326,Davenport Rd / Landsdowne Rd,43.671526,-79.44874,19,14,"43.671526,-79.44874"
7321,Front St W / University Ave (2),43.6452972,-79.3827914,19,16,"43.6452972,-79.3827914"
7323,457 King St W.,43.6452091,-79.3960744,19,17,"43.6452091,-79.3960744"
7150,Dufferin St / Sylvan Av (Dufferin Grove Park),43.6555556,-79.43361111111112,19,1,"43.6555556,-79.43361111111112"
7328,Roxborough St W / Yonge St,43.678077,-79.390328,17,1,"43.678077,-79.390328"
7329,Crawford St / Queen St W,43.645665,-79.415345,19,5,"43.645665,-79.415345"
7368,Lisgar St / Dundas St SMART,43.6493472,-79.42668,8,6,"43.6493472,-79.42668"
7100,Dundas St E / Regent Park Blvd,43.660207,-79.361275,27,1,"43.660207,-79.361275"
7101,Lower Sherbourne St / The Esplanade,43.648655,-79.367061,27,22,"43.648655,-79.367061"
7102,Nelson St / Duncan St,43.648711,-79.389728,31,23,"43.648711,-79.389728"
7103,Jimmie Simpson Park (Queen St E),43.6605603,-79.3437663,15,5,"43.6605603,-79.3437663"
7105,Queen St E / Sackville St,43.6561111,-79.36138888888888,15,6,"43.6561111,-79.36138888888888"
7106,Mill St / Tannery Rd,43.652219,-79.354455,27,11,"43.652219,-79.354455"
7107,Cherry St / Distillery Ln,43.650279,-79.356832,15,6,"43.650279,-79.356832"
7069,Queen St W / Spadina Ave,43.649147,-79.395504,11,8,"43.649147,-79.395504"
7067,Yonge St / Harbour St,43.643795,-79.375413,39,30,"43.643795,-79.375413"
7066,Willcocks St / St. George St,43.662085,-79.397735,17,17,"43.662085,-79.397735"
7065,Dundas St E / Parliament St,43.659575,-79.365769,15,0,"43.659575,-79.365769"
7064,51 Parliament St,43.65205,-79.362198,19,11,"43.65205,-79.362198"
7063,Queen's Park / Bloor St W,43.668456,-79.393899,23,11,"43.668456,-79.393899"
7366,Fort York Blvd / Bathurst St SMART,43.639052,-79.399792,20,3,"43.639052,-79.399792"
7367,Alma Ave / Gladstone Ave SMART,43.6448617,-79.42822,16,1,"43.6448617,-79.42822"
7198,Queen St W / Cowan Ave,43.6409,-79.432837,19,13,"43.6409,-79.432837"
7192,Harbord St / Clinton St,43.660414,-79.415646,15,2,"43.660414,-79.415646"
7191,Central Tech (Harbord St),43.661975,-79.407896,11,0,"43.661975,-79.407896"
7196,Roxton Rd / Harbord St,43.65905,-79.422988,11,1,"43.65905,-79.422988"
7195,Ulster St / Bathurst St,43.66,-79.4088888888889,11,0,"43.66,-79.4088888888889"
7194,Mortimer Ave / Coxwell Ave,43.690564,-79.326319,23,16,"43.690564,-79.326319"
7083,Danforth Ave / Barrington Ave,43.688325,-79.300463,15,7,"43.688325,-79.300463"
7441,Pacific Ave / Glenlake Ave - SMART,43.65716,-79.46478,23,2,"43.65716,-79.46478"
7388,Broadview Ave / Danforth Ave,43.6772,-79.35858,15,2,"43.6772,-79.35858"
7089,Church St / Wood St,43.662712,-79.379903,19,11,"43.662712,-79.379903"
7389,College Park- Gerrard Entrance,43.658938,-79.383518,25,16,"43.658938,-79.383518"
7088,Danforth Ave / Coxwell Ave,43.683378,-79.322961,15,5,"43.683378,-79.322961"
7383,12 Harbour St,43.6425636,-79.3762,15,11,"43.6425636,-79.3762"
7247,Howard Park Ave / Dundas St W,43.6521,-79.4486,12,2,"43.6521,-79.4486"
7246,Yonge St / Bloor St,43.669969,-79.386532,14,2,"43.669969,-79.386532"
7244,Dufferin Gate,43.633473,-79.425679,16,6,"43.633473,-79.425679"
7242,Lake Shore Blvd W / Ontario Dr (Ontario Place),43.630254,-79.420317,35,18,"43.630254,-79.420317"
7240,Bloor St W / Shaw Ave,43.662403,-79.423098,34,13,"43.662403,-79.423098"
7360,Concord Av / Dewson St,43.656945,-79.424911,17,0,"43.656945,-79.424911"
7361,Hocken Ave./Vaughan Rd.,43.6817346,-79.4184725,19,2,"43.6817346,-79.4184725"
7362,St Clair Ave W / Bathurst St.,43.683296,-79.418734,19,0,"43.683296,-79.418734"
7364,Queen St E / Nursewood Rd (Neville Park Loop),43.673831,-79.281455,18,16,"43.673831,-79.281455"
7365,Kew Beach Ave / Kenilworth Ave,43.666325,-79.3014,23,22,"43.666325,-79.3014"
7249,Dovercourt Rd / Harrison St (Green P) - SMART,43.651145,-79.423742,16,1,"43.651145,-79.423742"
7248,Baldwin Ave / Spadina Ave,43.654905,-79.398448,20,4,"43.654905,-79.398448"
7432,Frederick St / King St E,43.651118,-79.369411,23,4,"43.651118,-79.369411"
7023,College St / Borden St,43.6571,-79.4056,11,5,"43.6571,-79.4056"
7027,Beverley  St / Dundas St W,43.652823,-79.393388,31,20,"43.652823,-79.393388"
7026,Bay St / St. Joseph St,43.665527,-79.387499,15,7,"43.665527,-79.387499"
7028,Gould St / Mutual St,43.6582,-79.3768,29,10,"43.6582,-79.3768"
7097,Riverdale Park North (Broadview Ave),43.671172,-79.354704,15,0,"43.671172,-79.354704"
7095,Danforth Ave / Ellerbeck St,43.677076,-79.35667,14,5,"43.677076,-79.35667"
7092,Pape Subway Green P,43.680223,-79.344062,15,3,"43.680223,-79.344062"
7093,Danforth Ave / Gough Ave,43.678401,-79.346289,17,5,"43.678401,-79.346289"
7090,Danforth Ave / Lamb Ave,43.681991,-79.329455,19,5,"43.681991,-79.329455"
7158,King St W / Stafford St,43.6422222,-79.41111111111111,15,6,"43.6422222,-79.41111111111111"
7155,Bathurst St / Lennox St,43.663808,-79.410491,19,0,"43.663808,-79.410491"
7154,Bathurst Subway Station,43.6666667,-79.41166666666668,23,5,"43.6666667,-79.41166666666668"
7153,Bloor St W / Christie St,43.6638889,-79.41888888888889,19,2,"43.6638889,-79.41888888888889"
7152,Ossington Ave / Bloor St W,43.661705,-79.425734,11,1,"43.661705,-79.425734"
7151,Essex St / Christie St,43.6686111,-79.42027777777778,19,0,"43.6686111,-79.42027777777778"
7296,Westmoreland Ave / Fernbank Ave,43.665327,-79.43235,19,1,"43.665327,-79.43235"
7297,Havelock St / Dufferin Park,43.657343,-79.43112,19,0,"43.657343,-79.43112"
7298,Bathurst St / Adelaide St W,43.645324,-79.40345,25,3,"43.645324,-79.40345"
7299,Mill St / Parliament St,43.650256,-79.36163,15,13,"43.650256,-79.36163"
7209,Ossington Ave / Harrison St,43.651111111111106,-79.4213888888889,19,3,"43.651111111111106,-79.4213888888889"
7208,80 Clinton St (North of College),43.656296,-79.414663,15,1,"43.656296,-79.414663"
7206,Claremont St / Dundas St W,43.651281,-79.411717,13,11,"43.651281,-79.411717"
7205,Rusholme Park Cres / College St,43.65277778,-79.42972222,15,2,"43.65277778,-79.42972222"
7204,College St / Crawford St,43.655,-79.418889,19,7,"43.655,-79.418889"
7337,Gerrard Square Mall (1010 Gerrard St E),43.668553,-79.338673,19,11,"43.668553,-79.338673"
7336,Queen St E / Alton Av,43.663912,-79.327987,19,10,"43.663912,-79.327987"
7334,Simcoe St / Wellington St 2,43.6462176,-79.3855048,15,15,"43.6462176,-79.3855048"
7331,Coxwell Ave / Plains Rd,43.69595,-79.328535,19,8,"43.69595,-79.328535"
7339,Carlaw Ave / Strathcona Ave,43.6753188,-79.3462789,15,2,"43.6753188,-79.3462789"
7338,Logan Ave / Bain Ave,43.6720273,-79.3470557,11,2,"43.6720273,-79.3470557"
7112,Liberty St / Fraser Ave Green P,43.637981,-79.424146,19,16,"43.637981,-79.424146"
7111,King St W / Douro St,43.640885,-79.416379,11,3,"43.640885,-79.416379"
7110,Queen St E / Berkeley St,43.6552778,-79.36583333333333,15,4,"43.6552778,-79.36583333333333"
7115,Howard St / Sherbourne St,43.6712581,-79.376367,15,0,"43.6712581,-79.376367"
7114,Carlton St / Parliament St,43.664524,-79.36793,27,6,"43.664524,-79.36793"
7119,Sumach St / Carlton St (Riverdale Farm),43.665867,-79.362506,9,3,"43.665867,-79.362506"
7118,King St W / Bay St (East Side),43.648575,-79.380042,19,19,"43.648575,-79.380042"
7059,Front St W / Blue Jays Way,43.643473,-79.390477,15,12,"43.643473,-79.390477"
7053,Metro Hall Plaza,43.645859,-79.38783,27,27,"43.645859,-79.38783"
7056,Parliament St / Gerrard St,43.662132,-79.3656796,23,16,"43.662132,-79.3656796"
7054,Navy Wharf Ct. / Bremner Blvd.,43.640722,-79.391051,11,5,"43.640722,-79.391051"
7055,Jarvis St / Carlton St,43.66207,-79.37617,15,4,"43.66207,-79.37617"
7319,Lake Shore Blvd E / Knox Ave,43.660206,-79.3244,11,6,"43.660206,-79.3244"
7318,Hubbard Blvd. / Glen Manor Dr.,43.668633,-79.291162,15,7,"43.668633,-79.291162"
7272,Yonge St / Dundonald St,43.665801,-79.384796,12,1,"43.665801,-79.384796"
7273,Bay St / Charles St W,43.668153,-79.38891,20,3,"43.668153,-79.38891"
7270,Church St / Dundas St E,43.657024,-79.377257,15,8,"43.657024,-79.377257"
7271,Yonge St / Alexander St,43.662862,-79.383572,18,4,"43.662862,-79.383572"
7371,Eglinton Ave W / Henning Ave SMART,43.7063473,-79.40161,20,3,"43.7063473,-79.40161"
7377,Balliol St / Yonge St SMART,43.6978701,-79.39419,36,19,"43.6978701,-79.39419"
7376,Frobisher Ave / Lascelles Blvd,43.696708,-79.40045,19,0,"43.696708,-79.40045"
7375,Front St E / Scott St,43.6476616,-79.37549,11,8,"43.6476616,-79.37549"
7374,Frederick St / The Esplanade,43.6487245,-79.36839,19,17,"43.6487245,-79.36839"
7015,King St W / Bay St (West Side),43.64852,-79.380576,39,39,"43.64852,-79.380576"
7012,Elizabeth St / Edward St (Bus Terminal),43.656026,-79.385327,15,14,"43.656026,-79.385327"
7010,King St W / Spadina Ave,43.645323,-79.395003,19,17,"43.645323,-79.395003"
7139,Glen Edyth Dr / Davenport Rd,43.677778,-79.405556,15,3,"43.677778,-79.405556"
7168,Queens Quay / Yonge St,43.641646,-79.375308,31,29,"43.641646,-79.375308"
7169,Front St W / Bay St (North Side),43.646162,-79.378912,11,11,"43.646162,-79.378912"
7085,Danforth Ave / Westlake Ave,43.687323,-79.304848,15,9,"43.687323,-79.304848"
7031,Jarvis St / Isabella St,43.668991,-79.379385,23,1,"43.668991,-79.379385"
7163,Yonge St / Wood St,43.6622222,-79.3825,15,5,"43.6622222,-79.3825"
7160,King St W / Tecumseth St,43.64333333333333,-79.40555555555557,19,3,"43.64333333333333,-79.40555555555557"
7161,Beverley St / College St,43.6575,-79.39527777777778,23,23,"43.6575,-79.39527777777778"
7164,Gould St / Yonge St (Ryerson University),43.657424,-79.381019,23,15,"43.657424,-79.381019"
7283,Front St W / Bay St (South Side),43.64595,-79.378761,19,18,"43.64595,-79.378761"
7281,Charles St W / Balmuto St,43.668427,-79.38725,20,2,"43.668427,-79.38725"
7280,Charles St E / Jarvis St,43.669604,-79.381171,20,1,"43.669604,-79.381171"
7287,Queen St E / Pape Ave,43.661673,-79.337789,15,12,"43.661673,-79.337789"
7286,Gerrard St E / Broadview,43.665656,-79.352055,18,3,"43.665656,-79.352055"
7289,Humber Bay Shores Park East,43.6308933,-79.4722622,23,18,"43.6308933,-79.4722622"
7288,Humber Bay Shores Park West,43.6224434,-79.480284,31,2,"43.6224434,-79.480284"
7131,Taddle Creek Park,43.66986,-79.398443,15,6,"43.66986,-79.398443"
7236,Thompson St / Broadview Ave,43.659471,-79.350325,12,1,"43.659471,-79.350325"
7234,Roncesvalles Ave / Marmaduke St,43.650492,-79.450842,19,8,"43.650492,-79.450842"
7232,Queen St W / Fuller Ave,43.640255,-79.439223,16,5,"43.640255,-79.439223"
7233,King St W / Cowan Ave,43.637922,-79.431734,16,8,"43.637922,-79.431734"
7230,Garden Ave / Roncesvalles Ave,43.643769,-79.447915,19,19,"43.643769,-79.447915"
7238,Sorauren St / Geoffrey St (Sorauren Park),43.649172,-79.4445087,16,5,"43.649172,-79.4445087"
7239,Bloor St W / Manning Ave,43.663912,-79.416124,20,2,"43.663912,-79.416124"
7057,Simcoe St / Wellington St 1,43.6458569,-79.3853654,27,26,"43.6458569,-79.3853654"
7278,Mallon Ave / Jones Ave,43.66587,-79.33443,16,6,"43.66587,-79.33443"
7508,Berkeley St / Dundas St E - SMART,43.658816,-79.367318,18,3,"43.658816,-79.367318"
7497,128 Sterling Ave - SMART,43.654004,-79.444792,20,8,"43.654004,-79.444792"
7496,Sunnyside Ave / The Queensway - SMART,43.6397,-79.44865,19,17,"43.6397,-79.44865"
7493,Sackville St / Eastern Ave - SMART,43.653809,-79.3595,12,3,"43.653809,-79.3595"
7494,Davenport Rd / McAlpine St - SMART,43.673768,-79.391253,12,2,"43.673768,-79.391253"
7489,Sumach St  / Queen St E,43.656638,-79.358749,19,5,"43.656638,-79.358749"
7485,Blythwood Rd / Yonge St - SMART,43.716652,-79.399993,16,4,"43.716652,-79.399993"
7486,Gerrard St E / Main St,43.684261,-79.299332,21,10,"43.684261,-79.299332"
7483,Southwood Dr / Kingston Rd - SMART,43.678685,-79.297974,12,0,"43.678685,-79.297974"
7480,Neil McLellan Park - SMART,43.65143,-79.47779,15,9,"43.65143,-79.47779"
7479,Jane St / Bloor St W (Jane Subway Station),43.64976,-79.48477,15,14,"43.64976,-79.48477"
7477,Antler St / Campbell Ave - SMART,43.664182,-79.449066,20,15,"43.664182,-79.449066"
7474,Clarence Square,43.64407,-79.3929,23,18,"43.64407,-79.3929"
7471,Lake Shore Blvd W / Louisa St,43.61868,-79.48674,15,7,"43.61868,-79.48674"
7468,Front St / Simcoe St,43.6442,-79.38702,19,18,"43.6442,-79.38702"
7467,Lower Simcoe St / Bremner Blvd,43.64283,-79.38409,14,6,"43.64283,-79.38409"
7466,Glendonwynne Ave / Bloor St W - SMART,43.65182,-79.47421,19,1,"43.65182,-79.47421"
7465,Russell Hill Rd / St Clair Ave W - SMART,43.685569,-79.408019,19,0,"43.685569,-79.408019"
7458,Church St / Lombard St,43.651678,-79.375233,17,10,"43.651678,-79.375233"
7462,Richmond St E / Yonge St,43.651838,-79.378743,17,11,"43.651838,-79.378743"
7457,Queen's Park Cres W / Hoskin Ave,43.665221,-79.394009,23,13,"43.665221,-79.394009"
7454,Pottery Rd / Lower Don River Trail - SMART,43.688148,-79.362101,15,10,"43.688148,-79.362101"
7452,Bleecker St / St James Ave,43.669232,-79.374495,23,19,"43.669232,-79.374495"
7451,Western Battery Rd / Pirandello St,43.640075,-79.414156,31,0,"43.640075,-79.414156"
7450,Carlaw Ave / Danforth Ave - SMART,43.678285,-79.347346,15,1,"43.678285,-79.347346"
7449,Cosburn Ave / Cedarvale Ave,43.697139,-79.31469,15,2,"43.697139,-79.31469"
7448,Goodwood Park Ct / Dentonia Park,43.694826,-79.295208,19,16,"43.694826,-79.295208"
7445,Eastwood Rd / Coxwell Ave,43.673118,-79.318651,19,6,"43.673118,-79.318651"
7447,Trent Ave / Danforth Ave - SMART,43.689293,-79.295895,23,8,"43.689293,-79.295895"
7446,Orchard Park,43.66908,-79.3149,19,3,"43.66908,-79.3149"
7444,Clendenan Ave / Rowland St - SMART,43.66073,-79.47149,20,5,"43.66073,-79.47149"
7440,Martin Goodman Trail / Remembrance Dr,43.63121,-79.41414,27,21,"43.63121,-79.41414"
7437,Concord Ave / Bloor St W - SMART,43.66189,-79.42679,15,1,"43.66189,-79.42679"
7438,High Park Subway - SMART,43.65389,-79.4675,19,3,"43.65389,-79.4675"
7434,Via Italia / Mackay Ave - SMART,43.676697,-79.445029,17,12,"43.676697,-79.445029"
7435,Rushton Rd / St Clair Ave W - SMART,43.68114,-79.4277,10,0,"43.68114,-79.4277"
7433,Dundas St E / Boulton Ave - SMART,43.663148,-79.347938,16,1,"43.663148,-79.347938"
7431,Gerrard St E / Leslie St,43.669813,-79.3335,22,8,"43.669813,-79.3335"
7430,Marilyn Bell Park Tennis Court,43.633537,-79.437461,27,2,"43.633537,-79.437461"
7425,The Queensway at South Kingsway - SMART,43.63632,-79.47307,23,19,"43.63632,-79.47307"
7424,Merton St / Mount Pleasant Rd - SMART,43.697819,-79.38786,23,12,"43.697819,-79.38786"
7422,Tyndall Ave / King St W - SMART,43.638426,-79.429142,16,9,"43.638426,-79.429142"
7418,College Park - Yonge Entrance,43.65988,-79.38279,25,12,"43.65988,-79.38279"
7420,Barton St / Howland St - SMART,43.66842,-79.410585,19,4,"43.66842,-79.410585"
7414,Keele St / Annette St - SMART,43.66402,-79.46418,15,3,"43.66402,-79.46418"
7415,Keele St / Vine Ave - SMART,43.66686,-79.46526,11,6,"43.66686,-79.46526"
7410,Howard St / Ontario St,43.671278,-79.372127,19,3,"43.671278,-79.372127"
7411,Little Norway Park,43.635023,-79.399505,23,1,"43.635023,-79.399505"
7409,Isabella St / Church St - SMART,43.66834,-79.38235,19,0,"43.66834,-79.38235"
7408,University Ave / Armoury St - SMART,43.65263,-79.38766,23,16,"43.65263,-79.38766"
7403,Lascelles Blvd / Eglinton Ave W - SMART,43.70547,-79.40355,19,1,"43.70547,-79.40355"
7400,Polson Pier,43.641675,-79.354006,23,13,"43.641675,-79.354006"
7395,Dentonia Park Station,43.694341,-79.291416,23,4,"43.694341,-79.291416"
7399,Lower Jarvis / Queens Quay E,43.64422,-79.36927,19,17,"43.64422,-79.36927"
7488,Summerhill Ave / Maclennan Ave,43.685924,-79.376304,11,1,"43.685924,-79.376304"
7261,Queens Quay E / Lower Sherbourne,43.645215,-79.364898,26,23,"43.645215,-79.364898"
7231,Wright Ave / Sorauren St (Sorauren Park),43.646677,-79.442741,18,10,"43.646677,-79.442741"
7478,Ellis Ave / The Queensway,43.63855,-79.46693,19,15,"43.63855,-79.46693"
7084,High Park - Grenadier Cafe,43.645599,-79.4657123,11,11,"43.645599,-79.4657123"
7302,Winona Dr / Davenport Rd,43.674923,-79.430465,11,1,"43.674923,-79.430465"
7087,Danforth Ave / Aldridge Ave,43.684758,-79.316767,11,4,"43.684758,-79.316767"
7024,Dundonald St / Church St,43.66663,-79.38148,36,20,"43.66663,-79.38148"
7503,Gerrard St E / Malvern Ave - SMART,43.685221,-79.294766,19,6,"43.685221,-79.294766"
7203,Bathurst St/Queens Quay(Billy Bishop Airport),43.635492,-79.398253,34,7,"43.635492,-79.398253"
7043,Queens Quay W / Lower Simcoe St,43.63951,-79.383717,19,18,"43.63951,-79.383717"
7018,Bremner Blvd / Rees St,43.641529,-79.386741,23,19,"43.641529,-79.386741"
7412,King St W / Crawford St - SMART,43.6417852,-79.4131148,23,7,"43.6417852,-79.4131148"
7391,Yonge St / Dundas Sq,43.655766,-79.3802,31,26,"43.655766,-79.3802"
7459,St Clair Ave W / Winona Dr - SMART,43.680466,-79.432522,11,5,"43.680466,-79.432522"
7030,Bay St / Wellesley St W,43.664088,-79.387095,51,32,"43.664088,-79.387095"
7501,Humberside Grounds - SMART,43.65917,-79.46997,20,6,"43.65917,-79.46997"
7264,Bloor St E / Huntley St,43.671535,-79.379173,16,5,"43.671535,-79.379173"
7469,Wellington St W / York St,43.646734,-79.38301,23,21,"43.646734,-79.38301"
7061,Dalton Rd / Bloor St W,43.6662942,-79.4066433,15,0,"43.6662942,-79.4066433"
7138,Davenport Rd / Christie St,43.675278,-79.423889,27,12,"43.675278,-79.423889"
7417,King St / Jordan St - SMART,43.648928,-79.378623,11,10,"43.648928,-79.378623"
7373,George St / King St E,43.6509552,-79.3707,15,2,"43.6509552,-79.3707"
7455,E.T. Seton Park (Eglinton Ave E / Leslie St),43.715951,-79.351246,27,0,"43.715951,-79.351246"
7428,Woodbine Ave / Lake Shore Blvd E,43.665645,-79.304711,27,26,"43.665645,-79.304711"
7324,King St W / Charlotte St,43.645572,-79.39399,23,12,"43.645572,-79.39399"
7475,Jarvis St / Richmond St E,43.652777,-79.372637,19,8,"43.652777,-79.372637"
7476,Symington Ave / Dupont St - SMART,43.665538,-79.451263,15,10,"43.665538,-79.451263"
7009,King St E / Jarvis St,43.650325,-79.372287,25,21,"43.650325,-79.372287"
7029,1199 Bay St,43.66943,-79.38915,15,7,"43.66943,-79.38915"
7335,1188 Bay St,43.669244,-79.3894,19,7,"43.669244,-79.3894"
7363,Wells Hill Ave / St Clair Ave W,43.683351,-79.41562,15,0,"43.683351,-79.41562"
7443,Dundas St E / George St - SMART,43.6574766,-79.373446,25,4,"43.6574766,-79.373446"
7072,Fleet St / Bathurst St,43.636611,-79.400042,23,4,"43.636611,-79.400042"
7245,Tecumseth St / Queen St W,43.646552,-79.406468,9,3,"43.646552,-79.406468"
7052,Wellington St W / Bay St,43.647259,-79.379878,27,9,"43.647259,-79.379878"
7484,Briar Hill Ave / Yonge St - SMART,43.713524,-79.400162,16,0,"43.713524,-79.400162"
7074,St James Park,43.65003919999999,-79.3733541,15,15,"43.65003919999999,-79.3733541"
7021,Bay St / Albert St,43.653264,-79.382458,35,31,"43.653264,-79.382458"
7008,Wellesley St W / Queen's Park Cres,43.663376,-79.392125,18,8,"43.663376,-79.392125"
7006,Bay St / College St (East Side),43.660439,-79.385525,19,16,"43.660439,-79.385525"
7062,University Ave / College St (West),43.659226,-79.390213,11,10,"43.659226,-79.390213"
7502,University Ave / College St (East),43.65995,-79.38964,14,13,"43.65995,-79.38964"
7274,Queen's Park Cres E / Grosvenor St,43.661803,-79.389682,12,9,"43.661803,-79.389682"
7235,Bay St / College St (West Side),43.660087,-79.385655,12,8,"43.660087,-79.385655"
7516,Superior Ave / Lake Shore Blvd W,43.6146692,-79.4873148,17,9,"43.6146692,-79.4873148"
7514,Humber Bay Shores Park / Marine Parade Dr,43.626265,-79.476723,31,4,"43.626265,-79.476723"
7518,Lake Shore Blvd W / Colborne Lodge Dr,43.63771,-79.458173,27,15,"43.63771,-79.458173"
7517,Ripley Ave / Ormskirk Ave,43.6390437,-79.4760109,22,21,"43.6390437,-79.4760109"
7520,St Clarens Ave / Shirley Ave,43.6486599,-79.4376413,15,1,"43.6486599,-79.4376413"
7524,Lisgar Park,43.6423847,-79.4240277,23,3,"43.6423847,-79.4240277"
7526,Bartlett Parkette,43.6702236,-79.4360232,23,0,"43.6702236,-79.4360232"
7530,Sherbourne St N / Elm Ave,43.6752732,-79.3778458,22,0,"43.6752732,-79.3778458"
7534,Walnut Ave / Queen St W,43.645469,-79.411084,16,2,"43.645469,-79.411084"
7538,Vaughan Rd /Wychwood Ave,43.6882821,-79.4253856,19,1,"43.6882821,-79.4253856"
7536,Palmerston Ave / Dundas St W,43.651603,-79.408346,23,5,"43.651603,-79.408346"
7531,541 Huron St,43.670206,-79.402643,20,2,"43.670206,-79.402643"
7537,Euclid Ave / Herrick St,43.661559,-79.413845,16,0,"43.661559,-79.413845"
7545,Baldwin St / Henry St,43.6560758,-79.393259,15,15,"43.6560758,-79.393259"
7547,Orde St / McCaul St,43.6580442,-79.3927404,15,14,"43.6580442,-79.3927404"
7546,Ross St / Cecil St,43.6568254,-79.3966159,18,5,"43.6568254,-79.3966159"
7552,Lake Shore Blvd W / Thirty Ninth Street,43.5927419,-79.54033009999999,19,17,"43.5927419,-79.54033009999999"
7553,Lake Shore Blvd W / Twenty Fourth St,43.597082,-79.522768,19,7,"43.597082,-79.522768"
7556,Windsor St / Newcastle St,43.6171635,-79.4971065,31,19,"43.6171635,-79.4971065"
7555,Royal York Rd / Mimico Ave,43.612063,-79.496573,20,10,"43.612063,-79.496573"
7558,Berry Rd / Bell Manor Dr,43.63732,-79.489083,19,9,"43.63732,-79.489083"
7554,Humber College,43.5961692,-79.5160575,27,9,"43.5961692,-79.5160575"
7515,Amos Waites Park,43.613606,-79.4883535,27,23,"43.613606,-79.4883535"
7562,Priscilla  Ave / Dundas St W,43.664665,-79.489385,23,7,"43.664665,-79.489385"
7564,Durie St / Dundas St W,43.665523,-79.484892,23,18,"43.665523,-79.484892"
7563,St Clair Ave W / Castleton Ave,43.668496,-79.485426,19,2,"43.668496,-79.485426"
7567,Weston Lions Park,43.698841,-79.519472,27,11,"43.698841,-79.519472"
7561,Annette St / Jane St,43.658574,-79.487246,15,8,"43.658574,-79.487246"
7568,Jameson Ave / Queen St W,43.63985,-79.43703,27,12,"43.63985,-79.43703"
7570,Carlaw Ave / Dundas St E,43.665076,-79.341509,17,0,"43.665076,-79.341509"
7569,Toronto Inukshuk Park,43.6323994,-79.40978179999999,47,15,"43.6323994,-79.40978179999999"
7572,Cosburn Ave / Durant Ave,43.6935477,-79.3301658,15,4,"43.6935477,-79.3301658"
7559,Swansea Community Centre,43.6438036,-79.4770327,15,3,"43.6438036,-79.4770327"
7541,Bellwoods Ave / Treford Pl,43.65246,-79.413528,20,13,"43.65246,-79.413528"
7575,207 Eastern Avenue,43.6548521,-79.35397680000001,15,2,"43.6548521,-79.35397680000001"
7557,The Queensway / High St,43.630874,-79.482407,23,20,"43.630874,-79.482407"
7529,Symington Ave / Davenport Rd,43.6704403,-79.45328549999999,13,2,"43.6704403,-79.45328549999999"
7576,Front St E / Bayview Avenue,43.6535,-79.354068,22,10,"43.6535,-79.354068"
7577,Oak St / Sumach St,43.6617908,-79.361515,27,3,"43.6617908,-79.361515"
7551,The Esplanade / Hahn Pl,43.649709,-79.364184,19,12,"43.649709,-79.364184"
7549,439 Sherbourne St,43.666051,-79.374161,47,18,"43.666051,-79.374161"
7579,Glebe Rd / Yonge St,43.7005976,-79.397345,19,1,"43.7005976,-79.397345"
7580,Hillsdale Ave W / Yonge St,43.7029672,-79.3979073,15,10,"43.7029672,-79.3979073"
7540,Alvin Ave / St Clair Ave E,43.68871,-79.39264,19,0,"43.68871,-79.39264"
7583,Eglinton Ave W / Scarlett Rd,43.6834703,-79.5108942,22,7,"43.6834703,-79.5108942"
7584,The Pond Rd / Sentinel Rd,43.7696262,-79.5025943,27,4,"43.7696262,-79.5025943"
7585,Sentinel Rd / Finch Hydro Corridor,43.7641485,-79.5012809,27,7,"43.7641485,-79.5012809"
7586,Finch West Subway Station,43.76521,-79.491281,23,7,"43.76521,-79.491281"
7587,Dufferin St / Finch Hydro Recreational Trail,43.7724019,-79.4675395,19,5,"43.7724019,-79.4675395"
7588,G Ross Lord Park,43.7781116,-79.467963,19,7,"43.7781116,-79.467963"
7591,Elwood Blvd / Avenue Rd,43.707049,-79.40966,23,11,"43.707049,-79.40966"
7593,Roehampton St / Bayview Ave,43.711751,-79.378615,27,12,"43.711751,-79.378615"
7598,Teddington Park Ave,43.732975,-79.40401,15,1,"43.732975,-79.40401"
7600,Ursula Franklin St / Huron St,43.660274,-79.398049,20,18,"43.660274,-79.398049"
7602,Woodbine Ave / O'Connor Dr,43.699281,-79.318802,19,11,"43.699281,-79.318802"
7606,Dawes Rd / Taylor Creek Trl,43.696631,-79.297436,19,19,"43.696631,-79.297436"
7542,Queen St W / John St,43.650077,-79.391291,23,16,"43.650077,-79.391291"
7607,Fairmount Park,43.6765897,-79.3163022,19,2,"43.6765897,-79.3163022"
7599,Richmond St W / York St,43.650745,-79.383633,17,14,"43.650745,-79.383633"
7609,Sunnybrook Park,43.720233,-79.362092,27,3,"43.720233,-79.362092"
7618,Vaughan Rd / Oakwood Ave,43.6926825,-79.441042,19,0,"43.6926825,-79.441042"
7619,Braemar Ave / Eglinton Ave W,43.7041957,-79.4094472,14,11,"43.7041957,-79.4094472"
7620,Eglinton Ave W / Redpath Av,43.7078691,-79.39248,15,1,"43.7078691,-79.39248"
7622,Marie Curtis Park,43.5880774,-79.5432067,23,14,"43.5880774,-79.5432067"
7624,Guildwood GO Station (South),43.754978,-79.1971289,11,2,"43.754978,-79.1971289"
7277,Chorley Park,43.6856,-79.3718,20,0,"43.6856,-79.3718"
7344,Cherry Beach,43.637764,-79.345359,48,16,"43.637764,-79.345359"
7285,Spadina Ave / Harbord St,43.6629228,-79.4018451,36,25,"43.6629228,-79.4018451"
7250,Ursula Franklin St / St. George St,43.660296,-79.397107,16,14,"43.660296,-79.397107"
7626,Rouge Hill GO Station,43.7805505,-79.1301203,25,3,"43.7805505,-79.1301203"
7615,Colonel Danforth Park,43.7777114,-79.1659711,19,6,"43.7777114,-79.1659711"
7614,Morningside Park (Highland Creek Trail),43.779353,-79.193023,23,5,"43.779353,-79.193023"
7612,Livingston Rd / Guildwood Pkwy,43.747854,-79.199327,19,12,"43.747854,-79.199327"
7613,Livingston Rd (Highland Creek Trail),43.7561681,-79.2026694,19,7,"43.7561681,-79.2026694"
7630,Twelfth St / Thirteenth St,43.6002896,-79.5108692,22,21,"43.6002896,-79.5108692"
7631,Florence Gell Park,43.6615467,-79.498398,15,3,"43.6615467,-79.498398"
7522,Wallace Ave / Pauline Ave,43.6632257,-79.4397052,17,8,"43.6632257,-79.4397052"
7610,Kingston Rd / Beech Ave,43.680095,-79.291714,15,2,"43.680095,-79.291714"
7611,Victoria Park Ave / Danforth Ave,43.691468,-79.288619,19,15,"43.691468,-79.288619"
7033,Union Station,43.645609,-79.380386,43,40,"43.645609,-79.380386"
7162,Hayter St / Laplante Ave,43.6591666666667,-79.3855555555556,22,20,"43.6591666666667,-79.3855555555556"
7109,Seaton St / Dundas St E,43.658777,-79.369596,32,4,"43.658777,-79.369596"
7629,Lundy Ave / Etienne Brule Park,43.6625395,-79.5030161,15,0,"43.6625395,-79.5030161"
7632,Chiltern Hill Rd / Eglinton Ave W,43.7004017,-79.4275305,17,2,"43.7004017,-79.4275305"
7589,Torresdale Ave / Antibes Dr,43.77953,-79.45233,15,10,"43.77953,-79.45233"
7590,Ester Shiner Stadium,43.7774374,-79.4447096,23,15,"43.7774374,-79.4447096"
7190,St. George St / Hoskin Ave,43.6637403,-79.39806449999999,15,10,"43.6637403,-79.39806449999999"
7594,Fleming Cres / Bayview Ave,43.707045,-79.375437,15,1,"43.707045,-79.375437"
7333,King St E / Victoria St,43.6495789,-79.3762096,19,15,"43.6495789,-79.3762096"
7582,Amaleda Ave / Vaughan Rd,43.690903,-79.4375028,16,1,"43.690903,-79.4375028"
7473,Adelaide St W / Strachan Ave,43.643253094827294,-79.41230469904167,15,1,"43.643253094827294,-79.41230469904167"
7623,Royal York Rd / Lake Shore Blvd W,43.6029904,-79.4926867,19,4,"43.6029904,-79.4926867"
7635,Runnymede Rd / Annette St,43.6596299,-79.4799176,15,11,"43.6596299,-79.4799176"
7156,Salem Ave / Bloor St W,43.6608333,-79.43166666666667,15,3,"43.6608333,-79.43166666666667"
7157,Dufferin St / Bloor St,43.66083333333333,-79.43583333333333,22,10,"43.66083333333333,-79.43583333333333"
7539,Davisville Ave / Pailton Cres,43.69933,-79.39199,19,15,"43.69933,-79.39199"
7581,345 High Park Ave,43.6653032,-79.4701178,15,5,"43.6653032,-79.4701178"
7637,10 Judson St,43.6162721,-79.4990363,19,18,"43.6162721,-79.4990363"
7608,Wilket Creek Park,43.720645,-79.355474,27,7,"43.720645,-79.355474"
7641,2659 Dundas St W,43.6641174,-79.4588522,15,12,"43.6641174,-79.4588522"
7633,1266 Queen St W,43.6424558,-79.4296346,15,10,"43.6424558,-79.4296346"
7643,80 Oriole Parkway,43.6954486,-79.4026176,19,1,"43.6954486,-79.4026176"
7644,108 East Lynn Avenue,43.6850809,-79.3149901,15,10,"43.6850809,-79.3149901"
7596,840 Danforth Ave,43.6800218,-79.3405681,16,9,"43.6800218,-79.3405681"
7645,1295-1307 Military Trail,43.7842419,-79.1849889,16,0,"43.7842419,-79.1849889"
7291,Lake Shore Blvd E / Parliament St,43.6451308,-79.36536439999999,15,15,"43.6451308,-79.36536439999999"
7492,324 Cherry St,43.6482995,-79.3552533,19,18,"43.6482995,-79.3552533"
7647,117 Elm Street,43.65637299999999,-79.38781039999999,17,14,"43.65637299999999,-79.38781039999999"
7263,Walton St / Elizabeth St,43.657838,-79.38631,20,15,"43.657838,-79.38631"
7616,Waterfront Trail (Rouge Hill),43.778015,-79.131911,19,2,"43.778015,-79.131911"
7565,St Clair Ave W / Gunns Rd,43.672079,-79.470171,23,4,"43.672079,-79.470171"
7348,Pape Ave / Gamble Ave,43.690237,-79.350119,19,0,"43.690237,-79.350119"
7404,Roehampton Ave / Mount Pleasant Rd - SMART,43.70942,-79.39139,19,2,"43.70942,-79.39139"
7034,Church St / Bloor St E,43.671389,-79.382919,15,7,"43.671389,-79.382919"
7332,200 Bloor St. E.,43.671561,-79.38117,23,13,"43.671561,-79.38117"
7276,Bloor St W / Balmuto St,43.669903,-79.387802,11,0,"43.669903,-79.387802"
7595,Moore Park,43.693256,-79.383238,14,7,"43.693256,-79.383238"
7654,3 Pacific Avenue,43.65412449999999,-79.4636388,7,0,"43.65412449999999,-79.4636388"
7655,896 Danforth Avenue,43.680207,-79.339243,15,2,"43.680207,-79.339243"
7656,Bloor St W / Brock Av,43.6589882,-79.438715,11,2,"43.6589882,-79.438715"
7327,Davenport Rd / Oakwood Rd - SMART,43.6741219,-79.4352208,16,0,"43.6741219,-79.4352208"
7657,1 Market St,43.6469928,-79.3706665,19,4,"43.6469928,-79.3706665"
7601,Brick Works,43.683884,-79.36647,25,4,"43.683884,-79.36647"
7634,600 University Ave,43.6578449,-79.3899265,18,18,"43.6578449,-79.3899265"
7284,University Ave / King St W,43.6477785,-79.3847928,23,18,"43.6477785,-79.3847928"
7659,Amroth Ave / Danforth Ave,43.6856128,-79.31168269999999,19,4,"43.6856128,-79.31168269999999"
7133,Summerhill Station,43.681944,-79.390556,11,0,"43.681944,-79.390556"
7046,Niagara St / Richmond St W,43.64534,-79.409597,26,4,"43.64534,-79.409597"
7662,85 Beaty Avenue,43.6393107,-79.4408141,19,14,"43.6393107,-79.4408141"
7068,163 Fallingbrook Rd,43.68306889999999,-79.279682,23,5,"43.68306889999999,-79.279682"
7258,Queen St E / Rushbrooke Ave,43.6626628,-79.3323698,15,6,"43.6626628,-79.3323698"
7091,Donlands Station,43.681114,-79.3373885,15,1,"43.681114,-79.3373885"
7523,Lynn Williams St / East Liberty St,43.638925,-79.4168659,15,5,"43.638925,-79.4168659"
7487,Eastwood Rd / Woodbine Ave,43.676216,-79.309395,14,6,"43.676216,-79.309395"
7406,Victoria St / Queen St E,43.652822,-79.378208,23,20,"43.652822,-79.378208"
7660,26 Dundas Street East,43.656633,-79.379625,39,28,"43.656633,-79.379625"
7504,Gerrard St E / Victoria Park Ave,43.686962,-79.286864,16,2,"43.686962,-79.286864"
7663,98 Glenvale Boulevard,43.718039,-79.371914,17,1,"43.718039,-79.371914"
7127,Bay St / Scollard St,43.672152,-79.39018,15,8,"43.672152,-79.39018"
7566,Weston Rd / St Clair Ave W,43.673019,-79.467994,19,15,"43.673019,-79.467994"
7664,60 Raab Blvd,43.72268,-79.37644,15,10,"43.72268,-79.37644"
7666,505 College Street,43.6504218,-79.4407647,26,0,"43.6504218,-79.4407647"
7642,1451 Yonge Street,43.68850459999999,-79.3940052,19,0,"43.68850459999999,-79.3940052"
7416,Spadina Ave / Blue Jays Way,43.641705,-79.393295,31,28,"43.641705,-79.393295"
7636,2511 bloor st w,43.647663,-79.487583,23,3,"43.647663,-79.487583"
7665,Test,43.720998,-79.377456,11,2,"43.720998,-79.377456"
7670,3180 Yonge Street,43.72814640000001,-79.4032194,12,7,"43.72814640000001,-79.4032194"
7039,Simcoe St / Michael Sweet Ave,43.652327224103,-79.3882538196087,19,10,"43.652327224103,-79.3882538196087"
7197,Queen St W / Dovercourt Rd,43.6438602,-79.4227573,11,0,"43.6438602,-79.4227573"
7658,2639 Bloor St W,43.64920406876699,-79.49336334201408,27,18,"43.64920406876699,-79.49336334201408"
7646,225 University Avenue,43.6503935,-79.3860211,35,21,"43.6503935,-79.3860211"
7639,135 Queens Warf,43.6399714,-79.39940399999999,16,4,"43.6399714,-79.39940399999999"
7519,"406 Oakwood Ave, York, ON M6E 2W3",43.68827060022711,-79.43937767081853,19,1,"43.68827060022711,-79.43937767081853"
7292,Granby St / Church St -SMART,43.6614605,-79.37894570000002,24,0,"43.6614605,-79.37894570000002"
7605,Lumsden Ave / Eastdale Ave,43.69413548199171,-79.30058718775287,20,9,"43.69413548199171,-79.30058718775287"
7625,24 Lawrence Ave East,43.7254665,-79.40115449999999,23,2,"43.7254665,-79.40115449999999"
7381,Roehampton Ave / Yonge St,43.7083577,-79.39886200000001,35,16,"43.7083577,-79.39886200000001"
7135,Hanna Ave / Liberty St,43.63840090000001,-79.4197107,17,10,"43.63840090000001,-79.4197107"
7096,425 Don Mills Rd,43.7027268,-79.33368089999999,19,16,"43.7027268,-79.33368089999999"
7604,St Columba Pl / St Clair Ave E,43.70567,-79.310554,18,6,"43.70567,-79.310554"
7172,Strachan Ave / Princes' Blvd,43.635,-79.4088888888889,19,15,"43.635,-79.4088888888889"
7104,King St E / River St,43.656784782853144,-79.35627385059036,15,0,"43.656784782853144,-79.35627385059036"
7597,Yonge St / Golfdale Rd,43.732016,-79.403637,15,4,"43.732016,-79.403637"
7648,909 Yonge St,43.67515255542865,-79.38849615969643,14,10,"43.67515255542865,-79.38849615969643"
7117,640 Bloor Street East,43.67468857448634,-79.36701962396272,19,7,"43.67468857448634,-79.36701962396272"
7676,"1 Chedington Pl, North York, ON M4N 3R4",43.727365488246306,-79.3814254607724,16,4,"43.727365488246306,-79.3814254607724"
7677,1303 YONGE Street,43.6846177,-79.39245919999999,16,0,"43.6846177,-79.39245919999999"
7678,York University Station - SMART,43.77345,-79.5002,16,6,"43.77345,-79.5002"
7429,Woodbine Subway Station - SMART,43.686442,-79.313404,15,2,"43.686442,-79.313404"
7667,698 Spadina Avenue,43.66402799999999,-79.40297869999999,35,11,"43.66402799999999,-79.40297869999999"
7022,Simcoe St / Queen St W,43.65049,-79.3873,39,21,"43.65049,-79.3873"
7682,Bathurst St / Front St W,43.64134790000001,-79.4013882,27,2,"43.64134790000001,-79.4013882"
7684,Bay St / Harbour St (East),43.64215,-79.377,23,21,"43.64215,-79.377"
7322,E Liberty St / Western Battery Rd,43.6392777,-79.4115736,18,3,"43.6392777,-79.4115736"
7685,522 King Street West,43.645102,-79.39744979999999,22,10,"43.645102,-79.39744979999999"
7687,"1101 Bloor Street West, Toronto",43.6602021,-79.4342726,10,0,"43.6602021,-79.4342726"
7688,200 Parkside Drive,43.644887,-79.45641169999999,15,11,"43.644887,-79.45641169999999"
7689,26 Lipton Avenue,43.680012,-79.34403250000001,26,10,"43.680012,-79.34403250000001"
7211,Fort York Blvd / Garrison Rd,43.637381,-79.406112,15,1,"43.637381,-79.406112"
7533,Housey St / Dan Leckie Way,43.63811,-79.397877,27,21,"43.63811,-79.397877"
7675,1529 Dundas Street West,43.64957,-79.432446,15,1,"43.64957,-79.432446"
7692,85 Lee Ave,43.6700692,-79.2971326,26,16,"43.6700692,-79.2971326"
7693,78 Mutual Street - SMART Vault,43.6559476,-79.37558829999999,19,1,"43.6559476,-79.37558829999999"
7695,Queen St E and Joseph Duggan Rd - SMART Vault,43.6677628,-79.30811709999999,18,8,"43.6677628,-79.30811709999999"
7696,Heyworth Cres / Kingston Rd - SMART Vault,43.6750806,-79.3068697,19,5,"43.6750806,-79.3068697"
7698,St Clair Ave W / Caledonia Rd - SMART Vault,43.6754247,-79.4547813,13,1,"43.6754247,-79.4547813"
7216,Wellington St W / Stafford St,43.6409957,-79.40966630000001,23,3,"43.6409957,-79.40966630000001"
7702,111 Broadview Ave,43.6593483,-79.34993659999999,18,3,"43.6593483,-79.34993659999999"
7691,Christie St / Dupont St,43.67168,-79.421192,19,0,"43.67168,-79.421192"
7050,Richmond St E / Jarvis St Green P,43.652634,-79.374222,16,7,"43.652634,-79.374222"
7037,Bathurst St / Dundas St W,43.6519501,-79.4060978,27,17,"43.6519501,-79.4060978"
7703,274 Oak St,43.6613642,-79.3641171,19,1,"43.6613642,-79.3641171"
7704,24 Mountjoy Ave - SMART Vault,43.6808774,-79.3304491,17,3,"43.6808774,-79.3304491"
7705,88 Colgate Ave - SMART Vault,43.6623658,-79.3413344,19,0,"43.6623658,-79.3413344"
7706,Felstead Ave / Gillard Ave (Monarch Park) - SMART Vault,43.6791345,-79.3263159,27,10,"43.6791345,-79.3263159"
7686,The Esplanade & Lower Jarvis St,43.6478206,-79.3704721,15,12,"43.6478206,-79.3704721"
7707,7972 Remembrance Drive,43.635495,-79.40352209999999,19,2,"43.635495,-79.40352209999999"
7708,101 cedarvale Ave,43.6868681,-79.3110942,20,1,"43.6868681,-79.3110942"
7699,St Clair Ave W / Oakwood Ave - SMART Vault,43.678177,-79.435364,15,1,"43.678177,-79.435364"
7709,5 Merton Street,43.6962302,-79.39504339999999,23,0,"43.6962302,-79.39504339999999"
7627,Shaw St / Essex St - SMART,43.667076,-79.425116,15,0,"43.667076,-79.425116"
7700,St Clair Ave W / Robina Ave - SMART Vault,43.68005,-79.43469,15,0,"43.68005,-79.43469"
7527,Joseph J Piccininni Community Centre,43.675648,-79.4527619,19,0,"43.675648,-79.4527619"
7710,11 SPADINA RD,43.6677246,-79.4041365,18,0,"43.6677246,-79.4041365"
7256,Vanauley St / Queen St W,43.648437,-79.39838,12,6,"43.648437,-79.39838"
7042,Sherbourne St / Wellesley St E,43.6673,-79.374,31,7,"43.6673,-79.374"
7202,Queen St W / York St (City Hall),43.6517925,-79.38269509999999,23,22,"43.6517925,-79.38269509999999"
7228,Queen St W / Roncesvalles Ave,43.6372958,-79.4423237,19,7,"43.6372958,-79.4423237"
7711,71 Havelock Street,43.6554793,-79.4302462,15,1,"43.6554793,-79.4302462"
7650,2 Heath Street West,43.686352,-79.415894,22,0,"43.686352,-79.415894"
7712,999 Queen Street West,43.6442457,-79.41610440000001,23,19,"43.6442457,-79.41610440000001"
7679,York University Station,43.7741,-79.5005,15,4,"43.7741,-79.5005"
7640,333 St.Clair Ave West,43.683979,-79.410657,15,1,"43.683979,-79.410657"
7260,Spadina Ave / Adelaide St W,43.6472019,-79.3953394,15,9,"43.6472019,-79.3953394"
7099,Cherry St / Mill St,43.6513927,-79.35794659999999,15,4,"43.6513927,-79.35794659999999"
7453,Jarvis St / Maitland Pl,43.6647688,-79.3772602,17,3,"43.6647688,-79.3772602"
7713,55 Temperance St,43.6506,-79.381285,23,18,"43.6506,-79.381285"
7345,Cherry Beach Sports Field (55 Unwin Ave),43.6408346,-79.3429074,15,10,"43.6408346,-79.3429074"
7728,152 Perth Avenue,43.6585504,-79.4497659,19,9,"43.6585504,-79.4497659"
7719,15 Denison Ave,43.6484201,-79.40051919999999,28,3,"43.6484201,-79.40051919999999"
7715,324 Cedarvale Avenue,43.693187,-79.314283,11,2,"43.693187,-79.314283"
7717,18 Portland Street,43.6425791,-79.40011729999999,11,5,"43.6425791,-79.40011729999999"
7716,75 The Esplanade,43.6469251,-79.3733192,18,12,"43.6469251,-79.3733192"
7720,620 King Street West,43.644395,-79.40065430000001,16,1,"43.644395,-79.40065430000001"
7721,360 King Street West,43.6463574,-79.391206,11,10,"43.6463574,-79.391206"
7724,280 Wellesley Street East,43.6682342,-79.3702641,15,0,"43.6682342,-79.3702641"
7725,1126 Yonge Street,43.6791876,-79.39071899999999,15,0,"43.6791876,-79.39071899999999"
7130,Davenport Rd / Bedford Rd,43.674446,-79.398331,15,5,"43.674446,-79.398331"
7729,265 Armadale Ave,43.6501644,-79.48296909999999,31,10,"43.6501644,-79.48296909999999"
7730,800 Fleet Street,43.636804,-79.408832,43,10,"43.636804,-79.408832"
7548,St Joseph St / Bay St,43.6658804,-79.38761010000002,19,10,"43.6658804,-79.38761010000002"
7731,1085 Kingston Rd,43.68035,-79.28357,15,12,"43.68035,-79.28357"
7505,Ontario St / Adelaide St E -SMART,43.6535052,-79.3667689,17,0,"43.6535052,-79.3667689"
7738,150 Highview Avenue,43.702418581463505,-79.2563167072858,15,13,"43.702418581463505,-79.2563167072858"
7732,Kingston Rd / Warden Ave,43.68824135931814,-79.27046628033244,14,3,"43.68824135931814,-79.27046628033244"
7735,Birchcliff Ave / Kingston Rd,43.691688,-79.265027,15,9,"43.691688,-79.265027"
7737,5 Glen Everest Rd (Rosetta McClain Gardens),43.697490048103,-79.25655146462776,15,10,"43.697490048103,-79.25655146462776"
7736,Birchmount Rd / Kingston Rd,43.69401297794256,-79.26257204548136,15,12,"43.69401297794256,-79.26257204548136"
7733,Pharmacy Ave / Danforth Ave,43.6929478,-79.28339980000001,15,2,"43.6929478,-79.28339980000001"
7734,Danforth Ave / Warden Ave,43.6950192,-79.27180659999999,15,3,"43.6950192,-79.27180659999999"
7743,2343 Eglinton Ave W,43.69263249999999,-79.4627536,19,3,"43.69263249999999,-79.4627536"
7740,50 Natal St,43.7105975,-79.2541175,15,2,"43.7105975,-79.2541175"
7742,2067 EglintonAve W,43.69415,-79.45782580000001,19,0,"43.69415,-79.45782580000001"
7746,120 Marlee Ave,43.70163,-79.44099,19,0,"43.70163,-79.44099"
7745,BERT ROBINSON PARK,43.688028,-79.460265,15,1,"43.688028,-79.460265"
7744,200 Rogers Rd,43.68323,-79.455765,23,0,"43.68323,-79.455765"
7747,1963 Eglinton Ave W,43.69466,-79.45376999999999,14,0,"43.69466,-79.45376999999999"
7094,23 Chester Ave.,43.6784834,-79.3513564,9,0,"43.6784834,-79.3513564"
7748,2682 Bloor St W,43.65016869999999,-79.4963345,19,7,"43.65016869999999,-79.4963345"
7749,342 Prince Edward Dr N,43.6492,-79.50601999999999,15,8,"43.6492,-79.50601999999999"
7750,Luttrell Ave / Danforth Ave,43.6897656,-79.2939525,15,8,"43.6897656,-79.2939525"
7752,1926 Lake Shore Blvd W,43.6357643,-79.4674917,23,14,"43.6357643,-79.4674917"
7753,36A Park Lawn Road,43.62369169999999,-79.4838132,15,0,"43.62369169999999,-79.4838132"
7741,119 Constance Street,43.648657,-79.458111,15,12,"43.648657,-79.458111"
7025,Ted Rogers Way / Bloor St E,43.671293,-79.380471,23,2,"43.671293,-79.380471"
7754,481 Locksley Avenue,43.699327072589426,-79.4493630391668,14,5,"43.699327072589426,-79.4493630391668"
7755,316 Park Lawn Road,43.63560589999999,-79.4934616,15,1,"43.63560589999999,-79.4934616"
7756,Tobemory Dr / Finch Hydro Recreational Trail,43.7611741,-79.5114452,19,9,"43.7611741,-79.5114452"
7758,Driftwood Ave / Finch Hydro Trail,43.7603624,-79.5162777,18,0,"43.7603624,-79.5162777"
7760,45 Grand Avenue,43.62313,-79.4918,21,1,"43.62313,-79.4918"
7759,1804 Ian Macdonald Boulevard,43.772445,-79.511912,15,5,"43.772445,-79.511912"
7506,Berkeley St / Adelaide St E - SMART,43.653359,-79.365023,11,4,"43.653359,-79.365023"
7739,2301 Kingston Rd,43.70643614257429,-79.25104443353288,11,10,"43.70643614257429,-79.25104443353288"
7761,152 Shuter Street,43.655972,-79.370638,15,4,"43.655972,-79.370638"
7398,York St / Lakeshore St W - South,43.641952,-79.380723,19,18,"43.641952,-79.380723"
7718,8 Maud Street,43.646552,-79.399586,11,7,"43.646552,-79.399586"
7762,184 College St,43.6591529,-79.3947953,14,10,"43.6591529,-79.3947953"
7521,Emerson Ave / Bloor St W,43.659055,-79.440764,23,1,"43.659055,-79.440764"
7311,Sherbourne St / Isabella St,43.669576,-79.375961,19,1,"43.669576,-79.375961"
7694,Victoria Park Ave / Dawes Rd,43.706466,-79.29511,19,3,"43.706466,-79.29511"
7701,Roncesvalles Ave / Fermanagh Ave - SMART Vault,43.646314469245205,-79.44879407014527,19,16,"43.646314469245205,-79.44879407014527"
7354,Tommy Thompson Park (Leslie Street Spit),43.65222662225532,-79.32295440954084,31,29,"43.65222662225532,-79.32295440954084"
7765,St. John's Rd / Dundas St W,43.66526761605873,-79.47502122887077,15,9,"43.66526761605873,-79.47502122887077"
7766,496 Bloor St W,43.66554144421798,-79.41010317605742,15,4,"43.66554144421798,-79.41010317605742"
7767,Pioneer Village Subway Station,43.77649016265579,-79.5085364909097,11,4,"43.77649016265579,-79.5085364909097"
7269,Toronto Eaton Centre (Yonge St),43.655431,-79.380653,20,20,"43.655431,-79.380653"
7768,361 University Ave,43.65351799690878,-79.38591063795928,14,11,"43.65351799690878,-79.38591063795928"
7769,Lake Shore Blvd W / Brow Dr,43.59119994025076,-79.54449133041076,15,3,"43.59119994025076,-79.54449133041076"
7681,25 BOOTH AVE,43.6544839,-79.34105699999999,24,7,"43.6544839,-79.34105699999999"
7770,215 Spadina Ave,43.65082785552666,-79.39698099821702,23,16,"43.65082785552666,-79.39698099821702"
7771,St. Clair Ave W / Osler St,43.673843560032594,-79.46092618902435,11,1,"43.673843560032594,-79.46092618902435"
7772,Simcoe St / King St W,43.647508351306186,-79.38604436555764,15,14,"43.647508351306186,-79.38604436555764"
7773,5 Grenoble Dr,43.71513211098082,-79.33413623320465,14,0,"43.71513211098082,-79.33413623320465"
7774,48 Grenoble Dr,43.71649675774656,-79.33089439933623,15,6,"43.71649675774656,-79.33089439933623"
7775,75 Grenoble Dr,43.715537998967406,-79.32811427663442,11,8,"43.715537998967406,-79.32811427663442"
7777,12 Thorncliffe Park Dr,43.70400405297843,-79.34807015078738,15,8,"43.70400405297843,-79.34807015078738"
7776,250 Ferrand Dr,43.719632535237835,-79.33199950866776,19,11,"43.719632535237835,-79.33199950866776"
7779,165 McRae Dr,43.70656159598004,-79.36781965092621,15,0,"43.70656159598004,-79.36781965092621"
7778,75 Thorncliffe Park Dr,43.70518328279426,-79.34224729962946,11,2,"43.70518328279426,-79.34224729962946"
7780,220 Davisville Ave (June Rowlands Park),43.70088225686968,-79.38736016665911,16,0,"43.70088225686968,-79.38736016665911"
7781,525 Avenue Rd (Amsterdam Square),43.68688938028234,-79.40099513147447,15,1,"43.68688938028234,-79.40099513147447"
7175,HTO Park (Queens Quay W),43.63796,-79.387502,27,21,"43.63796,-79.387502"
7543,Nassau St / Bellvue Ave,43.65484215542248,-79.40351232494366,15,9,"43.65484215542248,-79.40351232494366"
7058,Huron/ Harbord St,43.6637,-79.400053,19,9,"43.6637,-79.400053"
7237,Ward Ave / Wallace Ave,43.662857,-79.44618,15,1,"43.662857,-79.44618"
7617,Starspray Ave / Lawrence Ave E,43.788319,-79.123505,19,3,"43.788319,-79.123505"
7757,The Well,43.643025055165865,-79.39430137761319,19,18,"43.643025055165865,-79.39430137761319"
7783,60 Carl Hall Rd,43.7482972,-79.47570569999999,20,3,"43.7482972,-79.47570569999999"
7787,375 Queens Quay West,43.63737145931921,-79.38976958703309,31,12,"43.63737145931921,-79.38976958703309"
7784,60 George Butchart Dr,43.73673829262113,-79.48227195568086,20,5,"43.73673829262113,-79.48227195568086"
7782,25 Vitti St,43.753107,-79.479626,20,2,"43.753107,-79.479626"
7785,2 John Drury Dr,43.7494501,-79.4869662,16,4,"43.7494501,-79.4869662"
7188,Exhibition GO (Atlantic Ave),43.637695491830144,-79.42023184193503,15,1,"43.637695491830144,-79.42023184193503"
7788,Queens Quay E / Lower Jarvis St ,43.64392767366328,-79.3687301736982,22,22,"43.64392767366328,-79.3687301736982"
7020,Phoebe St / Spadina Ave,43.650033,-79.396555,32,27,"43.650033,-79.396555"
7790,Lynn William St / Pirandello St ,43.639124514797004,-79.41423166721611,17,1,"43.639124514797004,-79.41423166721611"
7016,Bay St / Queens Quay W (Ferry Terminal),43.640978,-79.376785,35,31,"43.640978,-79.376785"
7007,College St / Huron St,43.658148,-79.398167,19,16,"43.658148,-79.398167"
7427,Northern Dancer Blvd / Lake Shore Blvd E,43.663162,-79.309765,27,15,"43.663162,-79.309765"
7528,Spadina Rd / Austin Terrace,43.67883,-79.408723,17,10,"43.67883,-79.408723"
7076,York St / Queens Quay W,43.640132,-79.380464,57,49,"43.640132,-79.380464"
7320,Front St W / University Ave (1),43.6451635,-79.3831757,19,17,"43.6451635,-79.3831757"
7751,9 Willingdon Blvd,43.64817,-79.510392,15,3,"43.64817,-79.510392"
7265,Wallace Ave / Symington Ave,43.661324,-79.449534,12,10,"43.661324,-79.449534"
7001,Yonge / Wellesley,43.66496415990742,-79.38355031526893,23,10,"43.66496415990742,-79.38355031526893"
7794,York St / Harbour St (Love Park),43.640741,-79.3798521,15,14,"43.640741,-79.3798521"
7014,Sherbourne St / Carlton St (Allan Gardens),43.663102,-79.373181,17,4,"43.663102,-79.373181"
7171,Ontario Place Blvd / Lake Shore Blvd W,43.6322445,-79.4108105,27,9,"43.6322445,-79.4108105"
7668,Simcoe St / Dundas St W,43.655103,-79.389295,20,15,"43.655103,-79.389295"
7199,College St / Markham St,43.6563888888889,-79.4091666666667,19,1,"43.6563888888889,-79.4091666666667"
7207,Dundas St W / Crawford St,43.649722,-79.416944,23,0,"43.649722,-79.416944"
7222,Sunnyside - Gus Ryder Pool,43.637894,-79.454823,27,23,"43.637894,-79.454823"
7086,High Park - West Rd,43.6525077,-79.4654233,23,2,"43.6525077,-79.4654233"
7224,Bloor St W / High Park Ave (High Park),43.6535269,-79.4650569,23,7,"43.6535269,-79.4650569"
7108,Front St E / Cherry St,43.652686,-79.358395,15,1,"43.652686,-79.358395"
7795,Barbara Hall Park,43.666850777484896,-79.38114574756837,12,4,"43.666850777484896,-79.38114574756837"
7796,Dundas St E / River St,43.661152,-79.358505,19,0,"43.661152,-79.358505"
7798,Shuter St / River St,43.659296,-79.358035,15,1,"43.659296,-79.358035"
7003,Madison Ave / Bloor St W,43.667158,-79.402761,15,4,"43.667158,-79.402761"
7799,Danforth Ave / Danforth Rd,43.69362206784152,-79.27710529695892,15,3,"43.69362206784152,-79.27710529695892"
7800,Brimley Rd / McCowan District Park,43.72704086366749,-79.24391402446746,19,2,"43.72704086366749,-79.24391402446746"
7791,Ossington Ave / Bruce St,43.64570236705167,-79.41933192053696,14,6,"43.64570236705167,-79.41933192053696"
7802,1430 King St W,43.63735795888104,-79.43617975886079,12,2,"43.63735795888104,-79.43617975886079"
7801,39-45 Parkcrest Dr,43.73596719224253,-79.21995221481933,15,2,"43.73596719224253,-79.21995221481933"
7803,"45 Fairfax Crescent, Toronto, ON, M1L 1Z6",43.7154661,-79.2876595,19,5,"43.7154661,-79.2876595"
7804,75 Lansdowne Ave,43.642904395956684,-79.43746059447746,14,0,"43.642904395956684,-79.43746059447746"
7806,438 Danforth Rd,43.70688,-79.26850999999999,15,11,"43.70688,-79.26850999999999"
7805,125 Pharmacy Ave,43.697356080874876,-79.28528711019696,19,10,"43.697356080874876,-79.28528711019696"
7671,25 Montgomery Ave,43.70960859570095,-79.39915125005619,12,3,"43.70960859570095,-79.39915125005619"
7807,552 Birchmount Rs,43.71176278859601,-79.27028152889692,15,10,"43.71176278859601,-79.27028152889692"
7571,Highfield Rd / Gerrard St E,43.671771,-79.324961,19,3,"43.671771,-79.324961"
7808,Eastgate Ct / Pharmacy Ave ,43.7110442448186,-79.29127313845584,15,7,"43.7110442448186,-79.29127313845584"
7809,Firvalley Ct / Warden Ave,43.7032112,-79.2787149,19,8,"43.7032112,-79.2787149"
7811,425 Midland Ave,43.7128578,-79.2487086,19,0,"43.7128578,-79.2487086"
7812,10 Bellamy Rd S,43.7323277855009,-79.22496619876934,19,11,"43.7323277855009,-79.22496619876934"
7810,13 Avenue Rd,43.669821695059376,-79.39444614603269,15,13,"43.669821695059376,-79.39444614603269"
7461,High Park Amphitheatre,43.645653,-79.464366,23,22,"43.645653,-79.464366"
7460,High Park Outdoor Pool,43.649217,-79.465319,27,20,"43.649217,-79.465319"
7814,Fenwood Ht / Kingston Rd,43.72690169821676,-79.22920396582664,15,5,"43.72690169821676,-79.22920396582664"
7815,Avenue Rd / Macpherson Ave ,43.67794376009951,-79.39836278587889,14,0,"43.67794376009951,-79.39836278587889"
7680,PRINCES' BLVD / NOVA SCOTIA AVE,43.634565,-79.409161,15,10,"43.634565,-79.409161"
7193,Queen St W / Gladstone Ave,43.64309687937765,-79.42875613770637,15,7,"43.64309687937765,-79.42875613770637"
7816,Bay St / Dundas St W,43.655350778457056,-79.38345966759798,26,23,"43.655350778457056,-79.38345966759798"
7817,Shaw St / King St W,43.6412561641921,-79.41502994047545,15,3,"43.6412561641921,-79.41502994047545"
7049,Queen St W / Portland St,43.6476,-79.4015,15,2,"43.6476,-79.4015"
7813,1835 Yonge St. ,43.6962750705313,-79.39629396191867,23,10,"43.6962750705313,-79.39629396191867"
7818,3 Soudan Ave,43.70430959999999,-79.3972815,19,0,"43.70430959999999,-79.3972815"
7819,755 Avenue Rd,43.69711160305226,-79.40537298227844,15,1,"43.69711160305226,-79.40537298227844"
7820,1612 Danforth Ave ,43.68370788065334,-79.32262453633884,15,13,"43.68370788065334,-79.32262453633884"
7789,75 Holly St - Green P,43.7063279,-79.3962499,15,0,"43.7063279,-79.3962499"
