station,latitude,longitude,slots,free_bikes,ll
Queen St E / Woodward Ave,43.665269,-79.319796,19,7,"43.665269,-79.319796"
Primrose Ave / Davenport Rd,43.67142,-79.445947,15,13,"43.67142,-79.445947"
Queen St. E / Rhodes Ave.,43.666224,-79.317693,23,4,"43.666224,-79.317693"
Bond St / Queen St E,43.653236,-79.376716,25,11,"43.653236,-79.376716"
Church St / Alexander St,43.663722,-79.380288,27,9,"43.663722,-79.380288"
University Ave / Gerrard St W,43.657763,-79.389165,25,15,"43.657763,-79.389165"
Edward St / Yonge St,43.656729,-79.382736,23,7,"43.656729,-79.382736"
Euclid Ave / Bloor St W,43.664467,-79.414783,19,7,"43.664467,-79.414783"
Yonge St / Aylmer Ave,43.675492,-79.388858,15,14,"43.675492,-79.388858"
Davenport Rd / Avenue Rd,43.674991,-79.396273,11,5,"43.674991,-79.396273"
Yonge St / Yorkville Ave,43.671944,-79.387778,17,5,"43.671944,-79.387778"
Dundas St E / Broadview Ave,43.662365,-79.351104,19,8,"43.662365,-79.351104"
Front St W / Yonge St (Hockey Hall of Fame),43.646144,-79.377962,47,2,"43.646144,-79.377962"
Gerrard St E / River St,43.663993,-79.358534,11,5,"43.663993,-79.358534"
Jarvis St / Dundas St E,43.657266,-79.374756,27,15,"43.657266,-79.374756"
Logan Av / Gerrard St E,43.6672144,-79.3452697,15,10,"43.6672144,-79.3452697"
Regal Rd / Dufferin St,43.673939,-79.441159,15,9,"43.673939,-79.441159"
Morse St / Eastern Ave,43.657991,-79.340075,11,4,"43.657991,-79.340075"
Alton Ave / Dundas St E (Greenwood Park),43.66745,-79.329408,22,16,"43.66745,-79.329408"
Blake St / Boultbee Ave,43.672453,-79.338259,15,7,"43.672453,-79.338259"
Eastern Ave / Winnifred Ave,43.6592088,-79.3348396,14,7,"43.6592088,-79.3348396"
Gamble Ave / Broadview Ave,43.689211,-79.35438,23,9,"43.689211,-79.35438"
111 Bond St (North of Dundas St E),43.656927,-79.378497,16,7,"43.656927,-79.378497"
Dundas St E / Pembroke St,43.658295,-79.372346,16,14,"43.658295,-79.372346"
Victoria Park Subway Station,43.6940155,-79.2889842,20,12,"43.6940155,-79.2889842"
Wychwood Ave / Benson Ave,43.6809164,-79.4229684,16,13,"43.6809164,-79.4229684"
Lawton Blvd / Yonge St,43.6910667,-79.39535,15,9,"43.6910667,-79.39535"
Yonge St / Davisville Ave,43.6975969,-79.39654,15,9,"43.6975969,-79.39654"
Fort York  Blvd / Capreol Ct,43.639832,-79.395954,35,29,"43.639832,-79.395954"
St. George St / Bloor St W,43.667333,-79.399429,19,7,"43.667333,-79.399429"
King St W / York St,43.6480008,-79.383177,23,8,"43.6480008,-79.383177"
University Ave / Elm St,43.656518,-79.389099,10,2,"43.656518,-79.389099"
Rosehill Ave / Avoca Ave,43.687999,-79.38906,16,6,"43.687999,-79.38906"
Bloor St W / Dundas St W,43.6563889,-79.45166666666667,15,4,"43.6563889,-79.45166666666667"
Bathurst St / Fort York Blvd,43.639179,-79.399595,19,11,"43.639179,-79.399595"
Spadina Ave / Willcocks St,43.6616667,-79.40138888888889,15,6,"43.6616667,-79.40138888888889"
Cariboo St / Rail Path,43.66666667,-79.45833333333334,19,7,"43.66666667,-79.45833333333334"
Dundas St W / Edna Ave,43.657192,-79.452559,15,7,"43.657192,-79.452559"
College St / Major St,43.6576,-79.4032,15,0,"43.6576,-79.4032"
McGill St / Church St,43.660694,-79.379052,19,12,"43.660694,-79.379052"
Queens Quay W / Dan Leckie Way,43.636533,-79.395854,27,23,"43.636533,-79.395854"
College Park South,43.659777,-79.382767,18,11,"43.659777,-79.382767"
25 York St â€“ Union Station South,43.643667,-79.380414,11,7,"43.643667,-79.380414"
161 Bleecker St (South of Wellesley),43.666233,-79.373327,23,13,"43.666233,-79.373327"
Spadina Ave / Fort York Blvd,43.640114,-79.393249,23,17,"43.640114,-79.393249"
Augusta Ave / Denison Sq,43.653766,-79.4016759,12,10,"43.653766,-79.4016759"
Lansdowne Ave / Wade Ave,43.6587734,-79.443054,23,4,"43.6587734,-79.443054"
Lansdowne Ave / Whytock Ave,43.6538888888889,-79.4413888888889,15,3,"43.6538888888889,-79.4413888888889"
Sterling Rd / Dundas St W,43.6508333333333,-79.4430555555556,19,2,"43.6508333333333,-79.4430555555556"
St Clarens Ave / College St,43.651238,-79.43868,15,7,"43.651238,-79.43868"
Ossington Ave / College St,43.6544915,-79.422634,11,7,"43.6544915,-79.422634"
High Park Subway Station,43.6543604,-79.4655296,11,3,"43.6543604,-79.4655296"
Lake Shore Blvd W / Ellis Ave,43.635932,-79.465083,19,15,"43.635932,-79.465083"
Parkside Dr / Bloor St W,43.654501,-79.460053,12,11,"43.654501,-79.460053"
Lake Shore Blvd W / Windermere Ave,43.634896,-79.467763,19,12,"43.634896,-79.467763"
Martin Goodman Trail (Marilyn Bell Park),43.6314,-79.4304,31,23,"43.6314,-79.4304"
Lake Shore Blvd W / The Boulevard Club,43.636731,-79.444966,19,6,"43.636731,-79.444966"
Dundas St W / Roncesvalles Green P,43.6534268,-79.4512787,12,5,"43.6534268,-79.4512787"
Erskine Ave / Yonge St SMART,43.7112153,-79.39894,16,4,"43.7112153,-79.39894"
"D'Arcy St, /McCaul St. SMART",43.655227,-79.39201,15,14,"43.655227,-79.39201"
Mortimer Ave / Carlaw Ave SMART,43.685167,-79.34962,12,3,"43.685167,-79.34962"
Cumberland Ave / Bay St SMART,43.6704537,-79.39014,9,8,"43.6704537,-79.39014"
20 Charles St E,43.6691099,-79.38551,22,13,"43.6691099,-79.38551"
Niagara St / Tecumseth St,43.641389,-79.404444,15,12,"43.641389,-79.404444"
424 Wellington St W,43.643834,-79.396649,15,13,"43.643834,-79.396649"
Dundas St W / St. Patrick St,43.6545174,-79.3895315,19,4,"43.6545174,-79.3895315"
Robert St / Bloor St W,43.665846,-79.404998,18,3,"43.665846,-79.404998"
John St / Mercer St - SMART,43.6461,-79.3895,11,6,"43.6461,-79.3895"
Queen St E / Hammersmith Ave,43.671349,-79.29451,11,11,"43.671349,-79.29451"
Queen St. E / Eastern Ave,43.667208,-79.312315,15,1,"43.667208,-79.312315"
Hubbard Blvd / Balsam Av,43.669328,-79.288949,19,17,"43.669328,-79.288949"
Queen St. E / Spruce Hill Rd.,43.672571,-79.289,15,12,"43.672571,-79.289"
Lower Spadina Ave / Lake Shore Blvd W,43.638497,-79.39192,19,10,"43.638497,-79.39192"
Coxwell Ave /  Lake Shore Blvd E,43.662771,-79.315223,15,6,"43.662771,-79.315223"
Amelia St. / Sumach St.,43.66852,-79.363525,11,9,"43.66852,-79.363525"
Augusta Ave / Dundas St W,43.652473,-79.401456,15,5,"43.652473,-79.401456"
Queen St W / Ossington Ave,43.643975,-79.419576,23,23,"43.643975,-79.419576"
Trinity St / Front St E,43.651318,-79.36023,19,16,"43.651318,-79.36023"
Dundas St W / Yonge St,43.656094,-79.381484,31,6,"43.656094,-79.381484"
Kendal Ave / Spadina Rd,43.670318,-79.405181,9,4,"43.670318,-79.405181"
Davenport Rd / Bathurst St,43.676667,-79.416111,27,5,"43.676667,-79.416111"
Queen St W / Close Ave,43.640634,-79.435841,23,15,"43.640634,-79.435841"
King St W / Joe Shuster Way,43.639444,-79.423611,23,16,"43.639444,-79.423611"
Yarmouth Rd / Christie St,43.67,-79.42083333333333,11,5,"43.67,-79.42083333333333"
Palmerston Ave / Vermont Ave,43.671389,-79.416389,15,2,"43.671389,-79.416389"
Christie St / Benson Ave (Wychwood Barns),43.68,-79.42500000000001,19,15,"43.68,-79.42500000000001"
King St W / Fraser Ave,43.6394444,-79.42527777777778,15,13,"43.6394444,-79.42527777777778"
Macpherson Ave / Spadina Rd,43.675791,-79.40698,15,4,"43.675791,-79.40698"
Bridgeman Ave / Kendal Ave,43.675556,-79.410278,15,3,"43.675556,-79.410278"
Bridgeman Ave / Bathurst St,43.674444,-79.414722,15,3,"43.674444,-79.414722"
Kendal Ave / Bernard Ave,43.671513,-79.408317,15,7,"43.671513,-79.408317"
Pretoria Av / Broadview Av,43.6783213,-79.35822,19,3,"43.6783213,-79.35822"
Broadview Ave/ Westwood Ave,43.6848652,-79.356602,23,2,"43.6848652,-79.356602"
Fulton Ave / Pape Ave,43.68395,-79.347046,19,10,"43.68395,-79.347046"
Cosburn Ave / Donlands Ave,43.690537,-79.341307,19,2,"43.690537,-79.341307"
Beltline Trail / Chaplin Cres.,43.704461,-79.423122,15,10,"43.704461,-79.423122"
Lake Shore Blvd E / Leslie St,43.659195,-79.329196,19,13,"43.659195,-79.329196"
King St E / Ontario St.,43.651885,-79.3649,17,12,"43.651885,-79.3649"
Rosedale Park (20 Schofield Ave),43.682645,-79.377557,23,3,"43.682645,-79.377557"
Mary McCormick Rec Centre (Sheridan Ave),43.6475,-79.43305555555555,15,5,"43.6475,-79.43305555555555"
Soho St. / Queen St W,43.6494896,-79.393535,7,3,"43.6494896,-79.393535"
Davenport Rd / Landsdowne Rd,43.671526,-79.44874,19,15,"43.671526,-79.44874"
Front St W / University Ave (2),43.6452972,-79.3827914,19,7,"43.6452972,-79.3827914"
457 King St W.,43.6452091,-79.3960744,19,18,"43.6452091,-79.3960744"
Dufferin St / Sylvan Av (Dufferin Grove Park),43.6555556,-79.43361111111112,19,2,"43.6555556,-79.43361111111112"
Roxborough St W / Yonge St,43.678077,-79.390328,17,3,"43.678077,-79.390328"
Crawford St / Queen St W,43.645665,-79.415345,19,7,"43.645665,-79.415345"
Lisgar St / Dundas St SMART,43.6493472,-79.42668,8,6,"43.6493472,-79.42668"
Dundas St E / Regent Park Blvd,43.660207,-79.361275,27,24,"43.660207,-79.361275"
Lower Sherbourne St / The Esplanade,43.648655,-79.367061,27,23,"43.648655,-79.367061"
Nelson St / Duncan St,43.648711,-79.389728,31,15,"43.648711,-79.389728"
Jimmie Simpson Park (Queen St E),43.6605603,-79.3437663,15,5,"43.6605603,-79.3437663"
Queen St E / Sackville St,43.6561111,-79.36138888888888,15,12,"43.6561111,-79.36138888888888"
Mill St / Tannery Rd,43.652219,-79.354455,27,15,"43.652219,-79.354455"
Cherry St / Distillery Ln,43.650279,-79.356832,15,11,"43.650279,-79.356832"
Queen St W / Spadina Ave,43.649147,-79.395504,11,4,"43.649147,-79.395504"
Yonge St / Harbour St,43.643795,-79.375413,39,28,"43.643795,-79.375413"
Willcocks St / St. George St,43.662085,-79.397735,17,3,"43.662085,-79.397735"
Dundas St E / Parliament St,43.659575,-79.365769,15,10,"43.659575,-79.365769"
51 Parliament St,43.65205,-79.362198,19,10,"43.65205,-79.362198"
Queen's Park / Bloor St W,43.668456,-79.393899,23,12,"43.668456,-79.393899"
Fort York Blvd / Bathurst St SMART,43.639052,-79.399792,20,16,"43.639052,-79.399792"
Alma Ave / Gladstone Ave SMART,43.6448617,-79.42822,16,5,"43.6448617,-79.42822"
Queen St W / Cowan Ave,43.6409,-79.432837,19,18,"43.6409,-79.432837"
Harbord St / Clinton St,43.660414,-79.415646,15,3,"43.660414,-79.415646"
Central Tech (Harbord St),43.661975,-79.407896,11,0,"43.661975,-79.407896"
Roxton Rd / Harbord St,43.65905,-79.422988,11,4,"43.65905,-79.422988"
Ulster St / Bathurst St,43.66,-79.4088888888889,11,5,"43.66,-79.4088888888889"
Mortimer Ave / Coxwell Ave,43.690564,-79.326319,23,17,"43.690564,-79.326319"
Danforth Ave / Barrington Ave,43.688325,-79.300463,15,7,"43.688325,-79.300463"
Pacific Ave / Glenlake Ave - SMART,43.65716,-79.46478,23,7,"43.65716,-79.46478"
Broadview Ave / Danforth Ave,43.6772,-79.35858,15,12,"43.6772,-79.35858"
Church St / Wood St,43.662712,-79.379903,19,7,"43.662712,-79.379903"
College Park- Gerrard Entrance,43.658938,-79.383518,25,11,"43.658938,-79.383518"
Danforth Ave / Coxwell Ave,43.683378,-79.322961,15,8,"43.683378,-79.322961"
12 Harbour St,43.6425636,-79.3762,15,9,"43.6425636,-79.3762"
Howard Park Ave / Dundas St W,43.6521,-79.4486,12,4,"43.6521,-79.4486"
Yonge St / Bloor St,43.669969,-79.386532,14,0,"43.669969,-79.386532"
Dufferin Gate,43.633473,-79.425679,16,3,"43.633473,-79.425679"
Lake Shore Blvd W / Ontario Dr (Ontario Place),43.630254,-79.420317,35,10,"43.630254,-79.420317"
Bloor St W / Shaw Ave,43.662403,-79.423098,34,6,"43.662403,-79.423098"
Concord Av / Dewson St,43.656945,-79.424911,17,4,"43.656945,-79.424911"
Hocken Ave./Vaughan Rd.,43.6817346,-79.4184725,19,5,"43.6817346,-79.4184725"
St Clair Ave W / Bathurst St.,43.683296,-79.418734,19,9,"43.683296,-79.418734"
Queen St E / Nursewood Rd (Neville Park Loop),43.673831,-79.281455,18,15,"43.673831,-79.281455"
Kew Beach Ave / Kenilworth Ave,43.666325,-79.3014,23,20,"43.666325,-79.3014"
Dovercourt Rd / Harrison St (Green P) - SMART,43.651145,-79.423742,16,8,"43.651145,-79.423742"
Baldwin Ave / Spadina Ave,43.654905,-79.398448,20,4,"43.654905,-79.398448"
Frederick St / King St E,43.651118,-79.369411,23,8,"43.651118,-79.369411"
College St / Borden St,43.6571,-79.4056,11,8,"43.6571,-79.4056"
Beverley  St / Dundas St W,43.652823,-79.393388,31,23,"43.652823,-79.393388"
Bay St / St. Joseph St,43.665527,-79.387499,15,3,"43.665527,-79.387499"
Gould St / Mutual St,43.6582,-79.3768,29,5,"43.6582,-79.3768"
Riverdale Park North (Broadview Ave),43.671172,-79.354704,15,6,"43.671172,-79.354704"
Danforth Ave / Ellerbeck St,43.677076,-79.35667,14,6,"43.677076,-79.35667"
Pape Subway Green P,43.680223,-79.344062,15,4,"43.680223,-79.344062"
Danforth Ave / Gough Ave,43.678401,-79.346289,17,13,"43.678401,-79.346289"
Danforth Ave / Lamb Ave,43.681991,-79.329455,19,10,"43.681991,-79.329455"
King St W / Stafford St,43.6422222,-79.41111111111111,15,11,"43.6422222,-79.41111111111111"
Bathurst St / Lennox St,43.663808,-79.410491,19,8,"43.663808,-79.410491"
Bathurst Subway Station,43.6666667,-79.41166666666668,23,10,"43.6666667,-79.41166666666668"
Bloor St W / Christie St,43.6638889,-79.41888888888889,19,10,"43.6638889,-79.41888888888889"
Ossington Ave / Bloor St W,43.661705,-79.425734,11,4,"43.661705,-79.425734"
Essex St / Christie St,43.6686111,-79.42027777777778,19,2,"43.6686111,-79.42027777777778"
Westmoreland Ave / Fernbank Ave,43.665327,-79.43235,19,7,"43.665327,-79.43235"
Havelock St / Dufferin Park,43.657343,-79.43112,19,4,"43.657343,-79.43112"
Bathurst St / Adelaide St W,43.645324,-79.40345,25,16,"43.645324,-79.40345"
Mill St / Parliament St,43.650256,-79.36163,15,12,"43.650256,-79.36163"
Ossington Ave / Harrison St,43.651111111111106,-79.4213888888889,19,16,"43.651111111111106,-79.4213888888889"
80 Clinton St (North of College),43.656296,-79.414663,15,6,"43.656296,-79.414663"
Claremont St / Dundas St W,43.651281,-79.411717,13,9,"43.651281,-79.411717"
Rusholme Park Cres / College St,43.65277778,-79.42972222,15,1,"43.65277778,-79.42972222"
College St / Crawford St,43.655,-79.418889,19,16,"43.655,-79.418889"
Gerrard Square Mall (1010 Gerrard St E),43.668553,-79.338673,19,17,"43.668553,-79.338673"
Queen St E / Alton Av,43.663912,-79.327987,19,7,"43.663912,-79.327987"
Simcoe St / Wellington St 2,43.6462176,-79.3855048,15,3,"43.6462176,-79.3855048"
Coxwell Ave / Plains Rd,43.69595,-79.328535,19,10,"43.69595,-79.328535"
Carlaw Ave / Strathcona Ave,43.6753188,-79.3462789,15,3,"43.6753188,-79.3462789"
Logan Ave / Bain Ave,43.6720273,-79.3470557,11,9,"43.6720273,-79.3470557"
Liberty St / Fraser Ave Green P,43.637981,-79.424146,19,8,"43.637981,-79.424146"
King St W / Douro St,43.640885,-79.416379,11,6,"43.640885,-79.416379"
Queen St E / Berkeley St,43.6552778,-79.36583333333333,15,9,"43.6552778,-79.36583333333333"
Howard St / Sherbourne St,43.6712581,-79.376367,15,6,"43.6712581,-79.376367"
Carlton St / Parliament St,43.664524,-79.36793,27,17,"43.664524,-79.36793"
Sumach St / Carlton St (Riverdale Farm),43.665867,-79.362506,9,5,"43.665867,-79.362506"
King St W / Bay St (East Side),43.648575,-79.380042,19,14,"43.648575,-79.380042"
Front St W / Blue Jays Way,43.643473,-79.390477,15,9,"43.643473,-79.390477"
Metro Hall Plaza,43.645859,-79.38783,27,23,"43.645859,-79.38783"
Parliament St / Gerrard St,43.662132,-79.3656796,23,20,"43.662132,-79.3656796"
Navy Wharf Ct. / Bremner Blvd.,43.640722,-79.391051,11,0,"43.640722,-79.391051"
Jarvis St / Carlton St,43.66207,-79.37617,15,11,"43.66207,-79.37617"
Lake Shore Blvd E / Knox Ave,43.660206,-79.3244,11,7,"43.660206,-79.3244"
Hubbard Blvd. / Glen Manor Dr.,43.668633,-79.291162,15,10,"43.668633,-79.291162"
Yonge St / Dundonald St,43.665801,-79.384796,12,8,"43.665801,-79.384796"
Bay St / Charles St W,43.668153,-79.38891,20,10,"43.668153,-79.38891"
Church St / Dundas St E,43.657024,-79.377257,15,9,"43.657024,-79.377257"
Yonge St / Alexander St,43.662862,-79.383572,18,16,"43.662862,-79.383572"
Eglinton Ave W / Henning Ave SMART,43.7063473,-79.40161,20,3,"43.7063473,-79.40161"
Balliol St / Yonge St SMART,43.6978701,-79.39419,36,22,"43.6978701,-79.39419"
Frobisher Ave / Lascelles Blvd,43.696708,-79.40045,19,3,"43.696708,-79.40045"
Front St E / Scott St,43.6476616,-79.37549,11,5,"43.6476616,-79.37549"
Frederick St / The Esplanade,43.6487245,-79.36839,19,14,"43.6487245,-79.36839"
King St W / Bay St (West Side),43.64852,-79.380576,39,6,"43.64852,-79.380576"
Elizabeth St / Edward St (Bus Terminal),43.656026,-79.385327,15,3,"43.656026,-79.385327"
King St W / Spadina Ave,43.645323,-79.395003,19,13,"43.645323,-79.395003"
Glen Edyth Dr / Davenport Rd,43.677778,-79.405556,15,7,"43.677778,-79.405556"
Queens Quay / Yonge St,43.641646,-79.375308,31,22,"43.641646,-79.375308"
Front St W / Bay St (North Side),43.646162,-79.378912,11,11,"43.646162,-79.378912"
Danforth Ave / Westlake Ave,43.687323,-79.304848,15,12,"43.687323,-79.304848"
Jarvis St / Isabella St,43.668991,-79.379385,23,9,"43.668991,-79.379385"
Yonge St / Wood St,43.6622222,-79.3825,15,9,"43.6622222,-79.3825"
King St W / Tecumseth St,43.64333333333333,-79.40555555555557,19,15,"43.64333333333333,-79.40555555555557"
Beverley St / College St,43.6575,-79.39527777777778,23,9,"43.6575,-79.39527777777778"
Gould St / Yonge St (Ryerson University),43.657424,-79.381019,23,5,"43.657424,-79.381019"
Front St W / Bay St (South Side),43.64595,-79.378761,19,3,"43.64595,-79.378761"
Charles St W / Balmuto St,43.668427,-79.38725,20,13,"43.668427,-79.38725"
Charles St E / Jarvis St,43.669604,-79.381171,20,8,"43.669604,-79.381171"
Queen St E / Pape Ave,43.661673,-79.337789,15,14,"43.661673,-79.337789"
Gerrard St E / Broadview,43.665656,-79.352055,18,14,"43.665656,-79.352055"
Humber Bay Shores Park East,43.6308933,-79.4722622,23,22,"43.6308933,-79.4722622"
Humber Bay Shores Park West,43.6224434,-79.480284,31,22,"43.6224434,-79.480284"
Taddle Creek Park,43.66986,-79.398443,15,10,"43.66986,-79.398443"
Thompson St / Broadview Ave,43.659471,-79.350325,12,9,"43.659471,-79.350325"
Roncesvalles Ave / Marmaduke St,43.650492,-79.450842,19,10,"43.650492,-79.450842"
Queen St W / Fuller Ave,43.640255,-79.439223,16,6,"43.640255,-79.439223"
King St W / Cowan Ave,43.637922,-79.431734,16,14,"43.637922,-79.431734"
Garden Ave / Roncesvalles Ave,43.643769,-79.447915,19,17,"43.643769,-79.447915"
Sorauren St / Geoffrey St (Sorauren Park),43.649172,-79.4445087,16,13,"43.649172,-79.4445087"
Bloor St W / Manning Ave,43.663912,-79.416124,20,9,"43.663912,-79.416124"
Simcoe St / Wellington St 1,43.6458569,-79.3853654,27,9,"43.6458569,-79.3853654"
Mallon Ave / Jones Ave,43.66587,-79.33443,16,13,"43.66587,-79.33443"
Berkeley St / Dundas St E - SMART,43.658816,-79.367318,18,14,"43.658816,-79.367318"
128 Sterling Ave - SMART,43.654004,-79.444792,20,7,"43.654004,-79.444792"
Sunnyside Ave / The Queensway - SMART,43.6397,-79.44865,19,18,"43.6397,-79.44865"
Sackville St / Eastern Ave - SMART,43.653809,-79.3595,12,11,"43.653809,-79.3595"
Davenport Rd / McAlpine St - SMART,43.673768,-79.391253,12,1,"43.673768,-79.391253"
Sumach St  / Queen St E,43.656638,-79.358749,19,10,"43.656638,-79.358749"
Blythwood Rd / Yonge St - SMART,43.716652,-79.399993,16,2,"43.716652,-79.399993"
Gerrard St E / Main St,43.684261,-79.299332,21,12,"43.684261,-79.299332"
Southwood Dr / Kingston Rd - SMART,43.678685,-79.297974,12,1,"43.678685,-79.297974"
Neil McLellan Park - SMART,43.65143,-79.47779,15,11,"43.65143,-79.47779"
Jane St / Bloor St W (Jane Subway Station),43.64976,-79.48477,15,9,"43.64976,-79.48477"
Antler St / Campbell Ave - SMART,43.664182,-79.449066,20,18,"43.664182,-79.449066"
Clarence Square,43.64407,-79.3929,23,11,"43.64407,-79.3929"
Lake Shore Blvd W / Louisa St,43.61868,-79.48674,15,8,"43.61868,-79.48674"
Front St / Simcoe St,43.6442,-79.38702,19,11,"43.6442,-79.38702"
Lower Simcoe St / Bremner Blvd,43.64283,-79.38409,14,7,"43.64283,-79.38409"
Glendonwynne Ave / Bloor St W - SMART,43.65182,-79.47421,19,1,"43.65182,-79.47421"
Russell Hill Rd / St Clair Ave W - SMART,43.685569,-79.408019,19,4,"43.685569,-79.408019"
Church St / Lombard St,43.651678,-79.375233,17,13,"43.651678,-79.375233"
Richmond St E / Yonge St,43.651838,-79.378743,17,14,"43.651838,-79.378743"
Queen's Park Cres W / Hoskin Ave,43.665221,-79.394009,23,3,"43.665221,-79.394009"
Pottery Rd / Lower Don River Trail - SMART,43.688148,-79.362101,15,10,"43.688148,-79.362101"
Bleecker St / St James Ave,43.669232,-79.374495,23,17,"43.669232,-79.374495"
Western Battery Rd / Pirandello St,43.640075,-79.414156,31,27,"43.640075,-79.414156"
Carlaw Ave / Danforth Ave - SMART,43.678285,-79.347346,15,8,"43.678285,-79.347346"
Cosburn Ave / Cedarvale Ave,43.697139,-79.31469,15,2,"43.697139,-79.31469"
Goodwood Park Ct / Dentonia Park,43.694826,-79.295208,19,16,"43.694826,-79.295208"
Eastwood Rd / Coxwell Ave,43.673118,-79.318651,19,5,"43.673118,-79.318651"
Trent Ave / Danforth Ave - SMART,43.689293,-79.295895,23,12,"43.689293,-79.295895"
Orchard Park,43.66908,-79.3149,19,8,"43.66908,-79.3149"
Clendenan Ave / Rowland St - SMART,43.66073,-79.47149,20,5,"43.66073,-79.47149"
Martin Goodman Trail / Remembrance Dr,43.63121,-79.41414,27,1,"43.63121,-79.41414"
Concord Ave / Bloor St W - SMART,43.66189,-79.42679,15,4,"43.66189,-79.42679"
High Park Subway - SMART,43.65389,-79.4675,19,4,"43.65389,-79.4675"
Via Italia / Mackay Ave - SMART,43.676697,-79.445029,17,16,"43.676697,-79.445029"
Rushton Rd / St Clair Ave W - SMART,43.68114,-79.4277,10,0,"43.68114,-79.4277"
Dundas St E / Boulton Ave - SMART,43.663148,-79.347938,16,12,"43.663148,-79.347938"
Gerrard St E / Leslie St,43.669813,-79.3335,22,13,"43.669813,-79.3335"
Marilyn Bell Park Tennis Court,43.633537,-79.437461,27,2,"43.633537,-79.437461"
The Queensway at South Kingsway - SMART,43.63632,-79.47307,23,21,"43.63632,-79.47307"
Merton St / Mount Pleasant Rd - SMART,43.697819,-79.38786,23,2,"43.697819,-79.38786"
Tyndall Ave / King St W - SMART,43.638426,-79.429142,16,13,"43.638426,-79.429142"
College Park - Yonge Entrance,43.65988,-79.38279,25,8,"43.65988,-79.38279"
Barton St / Howland St - SMART,43.66842,-79.410585,19,3,"43.66842,-79.410585"
Keele St / Annette St - SMART,43.66402,-79.46418,15,5,"43.66402,-79.46418"
Keele St / Vine Ave - SMART,43.66686,-79.46526,11,6,"43.66686,-79.46526"
Howard St / Ontario St,43.671278,-79.372127,19,9,"43.671278,-79.372127"
Little Norway Park,43.635023,-79.399505,23,12,"43.635023,-79.399505"
Isabella St / Church St - SMART,43.66834,-79.38235,19,15,"43.66834,-79.38235"
University Ave / Armoury St - SMART,43.65263,-79.38766,23,0,"43.65263,-79.38766"
Lascelles Blvd / Eglinton Ave W - SMART,43.70547,-79.40355,19,1,"43.70547,-79.40355"
Polson Pier,43.641675,-79.354006,23,11,"43.641675,-79.354006"
Dentonia Park Station,43.694341,-79.291416,23,8,"43.694341,-79.291416"
Lower Jarvis / Queens Quay E,43.64422,-79.36927,19,2,"43.64422,-79.36927"
Summerhill Ave / Maclennan Ave,43.685924,-79.376304,11,1,"43.685924,-79.376304"
Queens Quay E / Lower Sherbourne,43.645215,-79.364898,26,11,"43.645215,-79.364898"
Wright Ave / Sorauren St (Sorauren Park),43.646677,-79.442741,18,15,"43.646677,-79.442741"
Ellis Ave / The Queensway,43.63855,-79.46693,19,17,"43.63855,-79.46693"
High Park - Grenadier Cafe,43.645599,-79.4657123,11,10,"43.645599,-79.4657123"
Winona Dr / Davenport Rd,43.674923,-79.430465,11,4,"43.674923,-79.430465"
Danforth Ave / Aldridge Ave,43.684758,-79.316767,11,3,"43.684758,-79.316767"
Dundonald St / Church St,43.66663,-79.38148,36,20,"43.66663,-79.38148"
Gerrard St E / Malvern Ave - SMART,43.685221,-79.294766,19,5,"43.685221,-79.294766"
Bathurst St/Queens Quay(Billy Bishop Airport),43.635492,-79.398253,34,20,"43.635492,-79.398253"
Queens Quay W / Lower Simcoe St,43.63951,-79.383717,19,14,"43.63951,-79.383717"
Bremner Blvd / Rees St,43.641529,-79.386741,23,9,"43.641529,-79.386741"
King St W / Crawford St - SMART,43.6417852,-79.4131148,23,20,"43.6417852,-79.4131148"
Yonge St / Dundas Sq,43.655766,-79.3802,31,25,"43.655766,-79.3802"
St Clair Ave W / Winona Dr - SMART,43.680466,-79.432522,11,5,"43.680466,-79.432522"
Bay St / Wellesley St W,43.664088,-79.387095,51,32,"43.664088,-79.387095"
Humberside Grounds - SMART,43.65917,-79.46997,20,7,"43.65917,-79.46997"
Bloor St E / Huntley St,43.671535,-79.379173,16,6,"43.671535,-79.379173"
Wellington St W / York St,43.646734,-79.38301,23,11,"43.646734,-79.38301"
Dalton Rd / Bloor St W,43.6662942,-79.4066433,15,4,"43.6662942,-79.4066433"
Davenport Rd / Christie St,43.675278,-79.423889,27,1,"43.675278,-79.423889"
King St / Jordan St - SMART,43.648928,-79.378623,11,8,"43.648928,-79.378623"
George St / King St E,43.6509552,-79.3707,15,7,"43.6509552,-79.3707"
E.T. Seton Park (Eglinton Ave E / Leslie St),43.715951,-79.351246,27,1,"43.715951,-79.351246"
Woodbine Ave / Lake Shore Blvd E,43.665645,-79.304711,27,24,"43.665645,-79.304711"
King St W / Charlotte St,43.645572,-79.39399,23,16,"43.645572,-79.39399"
Jarvis St / Richmond St E,43.652777,-79.372637,19,14,"43.652777,-79.372637"
Symington Ave / Dupont St - SMART,43.665538,-79.451263,15,9,"43.665538,-79.451263"
King St E / Jarvis St,43.650325,-79.372287,25,6,"43.650325,-79.372287"
1199 Bay St,43.66943,-79.38915,15,9,"43.66943,-79.38915"
1188 Bay St,43.669244,-79.3894,19,16,"43.669244,-79.3894"
Wells Hill Ave / St Clair Ave W,43.683351,-79.41562,15,4,"43.683351,-79.41562"
Dundas St E / George St - SMART,43.6574766,-79.373446,25,10,"43.6574766,-79.373446"
Fleet St / Bathurst St,43.636611,-79.400042,23,21,"43.636611,-79.400042"
Tecumseth St / Queen St W,43.646552,-79.406468,9,6,"43.646552,-79.406468"
Wellington St W / Bay St,43.647259,-79.379878,27,14,"43.647259,-79.379878"
Briar Hill Ave / Yonge St - SMART,43.713524,-79.400162,16,1,"43.713524,-79.400162"
St James Park,43.65003919999999,-79.3733541,15,7,"43.65003919999999,-79.3733541"
Bay St / Albert St,43.653264,-79.382458,35,9,"43.653264,-79.382458"
Wellesley St W / Queen's Park Cres,43.663376,-79.392125,18,2,"43.663376,-79.392125"
Bay St / College St (East Side),43.660439,-79.385525,19,8,"43.660439,-79.385525"
University Ave / College St (West),43.659226,-79.390213,11,11,"43.659226,-79.390213"
University Ave / College St (East),43.65995,-79.38964,14,11,"43.65995,-79.38964"
Queen's Park Cres E / Grosvenor St,43.661803,-79.389682,12,8,"43.661803,-79.389682"
Bay St / College St (West Side),43.660087,-79.385655,12,0,"43.660087,-79.385655"
Superior Ave / Lake Shore Blvd W,43.6146692,-79.4873148,17,10,"43.6146692,-79.4873148"
Humber Bay Shores Park / Marine Parade Dr,43.626265,-79.476723,31,21,"43.626265,-79.476723"
Lake Shore Blvd W / Colborne Lodge Dr,43.63771,-79.458173,27,25,"43.63771,-79.458173"
Ripley Ave / Ormskirk Ave,43.6390437,-79.4760109,22,22,"43.6390437,-79.4760109"
St Clarens Ave / Shirley Ave,43.6486599,-79.4376413,15,0,"43.6486599,-79.4376413"
Lisgar Park,43.6423847,-79.4240277,23,13,"43.6423847,-79.4240277"
Bartlett Parkette,43.6702236,-79.4360232,23,4,"43.6702236,-79.4360232"
Sherbourne St N / Elm Ave,43.6752732,-79.3778458,22,4,"43.6752732,-79.3778458"
Walnut Ave / Queen St W,43.645469,-79.411084,16,7,"43.645469,-79.411084"
Vaughan Rd /Wychwood Ave,43.6882821,-79.4253856,19,0,"43.6882821,-79.4253856"
Palmerston Ave / Dundas St W,43.651603,-79.408346,23,13,"43.651603,-79.408346"
541 Huron St,43.670206,-79.402643,20,2,"43.670206,-79.402643"
Euclid Ave / Herrick St,43.661559,-79.413845,16,4,"43.661559,-79.413845"
Baldwin St / Henry St,43.6560758,-79.393259,15,9,"43.6560758,-79.393259"
Orde St / McCaul St,43.6580442,-79.3927404,15,8,"43.6580442,-79.3927404"
Ross St / Cecil St,43.6568254,-79.3966159,18,6,"43.6568254,-79.3966159"
Lake Shore Blvd W / Thirty Ninth Street,43.5927419,-79.54033009999999,19,17,"43.5927419,-79.54033009999999"
Lake Shore Blvd W / Twenty Fourth St,43.597082,-79.522768,19,9,"43.597082,-79.522768"
Windsor St / Newcastle St,43.6171635,-79.4971065,31,3,"43.6171635,-79.4971065"
Royal York Rd / Mimico Ave,43.612063,-79.496573,20,10,"43.612063,-79.496573"
Berry Rd / Bell Manor Dr,43.63732,-79.489083,19,11,"43.63732,-79.489083"
Humber College,43.5961692,-79.5160575,27,7,"43.5961692,-79.5160575"
Amos Waites Park,43.613606,-79.4883535,27,19,"43.613606,-79.4883535"
Priscilla  Ave / Dundas St W,43.664665,-79.489385,23,9,"43.664665,-79.489385"
Durie St / Dundas St W,43.665523,-79.484892,23,20,"43.665523,-79.484892"
St Clair Ave W / Castleton Ave,43.668496,-79.485426,19,6,"43.668496,-79.485426"
Weston Lions Park,43.698841,-79.519472,27,11,"43.698841,-79.519472"
Annette St / Jane St,43.658574,-79.487246,15,7,"43.658574,-79.487246"
Jameson Ave / Queen St W,43.63985,-79.43703,27,19,"43.63985,-79.43703"
Carlaw Ave / Dundas St E,43.665076,-79.341509,17,3,"43.665076,-79.341509"
Toronto Inukshuk Park,43.6323994,-79.40978179999999,47,15,"43.6323994,-79.40978179999999"
Cosburn Ave / Durant Ave,43.6935477,-79.3301658,15,5,"43.6935477,-79.3301658"
Swansea Community Centre,43.6438036,-79.4770327,15,5,"43.6438036,-79.4770327"
Bellwoods Ave / Treford Pl,43.65246,-79.413528,20,7,"43.65246,-79.413528"
207 Eastern Avenue,43.6548521,-79.35397680000001,15,2,"43.6548521,-79.35397680000001"
The Queensway / High St,43.630874,-79.482407,23,20,"43.630874,-79.482407"
Symington Ave / Davenport Rd,43.6704403,-79.45328549999999,13,0,"43.6704403,-79.45328549999999"
Front St E / Bayview Avenue,43.6535,-79.354068,22,8,"43.6535,-79.354068"
Oak St / Sumach St,43.6617908,-79.361515,27,19,"43.6617908,-79.361515"
The Esplanade / Hahn Pl,43.649709,-79.364184,19,16,"43.649709,-79.364184"
439 Sherbourne St,43.666051,-79.374161,47,40,"43.666051,-79.374161"
Glebe Rd / Yonge St,43.7005976,-79.397345,19,2,"43.7005976,-79.397345"
Hillsdale Ave W / Yonge St,43.7029672,-79.3979073,15,12,"43.7029672,-79.3979073"
Alvin Ave / St Clair Ave E,43.68871,-79.39264,19,0,"43.68871,-79.39264"
Eglinton Ave W / Scarlett Rd,43.6834703,-79.5108942,22,7,"43.6834703,-79.5108942"
The Pond Rd / Sentinel Rd,43.7696262,-79.5025943,27,4,"43.7696262,-79.5025943"
Sentinel Rd / Finch Hydro Corridor,43.7641485,-79.5012809,27,8,"43.7641485,-79.5012809"
Finch West Subway Station,43.76521,-79.491281,23,9,"43.76521,-79.491281"
Dufferin St / Finch Hydro Recreational Trail,43.7724019,-79.4675395,19,5,"43.7724019,-79.4675395"
G Ross Lord Park,43.7781116,-79.467963,19,7,"43.7781116,-79.467963"
Elwood Blvd / Avenue Rd,43.707049,-79.40966,23,13,"43.707049,-79.40966"
Roehampton St / Bayview Ave,43.711751,-79.378615,27,13,"43.711751,-79.378615"
Teddington Park Ave,43.732975,-79.40401,15,1,"43.732975,-79.40401"
Ursula Franklin St / Huron St,43.660274,-79.398049,20,7,"43.660274,-79.398049"
Woodbine Ave / O'Connor Dr,43.699281,-79.318802,19,12,"43.699281,-79.318802"
Dawes Rd / Taylor Creek Trl,43.696631,-79.297436,19,19,"43.696631,-79.297436"
Queen St W / John St,43.650077,-79.391291,23,11,"43.650077,-79.391291"
Fairmount Park,43.6765897,-79.3163022,19,6,"43.6765897,-79.3163022"
Richmond St W / York St,43.650745,-79.383633,17,11,"43.650745,-79.383633"
Sunnybrook Park,43.720233,-79.362092,27,2,"43.720233,-79.362092"
Vaughan Rd / Oakwood Ave,43.6926825,-79.441042,19,1,"43.6926825,-79.441042"
Braemar Ave / Eglinton Ave W,43.7041957,-79.4094472,14,13,"43.7041957,-79.4094472"
Eglinton Ave W / Redpath Av,43.7078691,-79.39248,15,1,"43.7078691,-79.39248"
Marie Curtis Park,43.5880774,-79.5432067,23,16,"43.5880774,-79.5432067"
Guildwood GO Station (South),43.754978,-79.1971289,11,4,"43.754978,-79.1971289"
Chorley Park,43.6856,-79.3718,20,5,"43.6856,-79.3718"
Cherry Beach,43.637764,-79.345359,48,14,"43.637764,-79.345359"
Spadina Ave / Harbord St,43.6629228,-79.4018451,36,21,"43.6629228,-79.4018451"
Ursula Franklin St / St. George St,43.660296,-79.397107,16,3,"43.660296,-79.397107"
Rouge Hill GO Station,43.7805505,-79.1301203,25,2,"43.7805505,-79.1301203"
Colonel Danforth Park,43.7777114,-79.1659711,19,6,"43.7777114,-79.1659711"
Morningside Park (Highland Creek Trail),43.779353,-79.193023,23,6,"43.779353,-79.193023"
Livingston Rd / Guildwood Pkwy,43.747854,-79.199327,19,10,"43.747854,-79.199327"
Livingston Rd (Highland Creek Trail),43.7561681,-79.2026694,19,7,"43.7561681,-79.2026694"
Twelfth St / Thirteenth St,43.6002896,-79.5108692,22,21,"43.6002896,-79.5108692"
Florence Gell Park,43.6615467,-79.498398,15,3,"43.6615467,-79.498398"
Wallace Ave / Pauline Ave,43.6632257,-79.4397052,17,7,"43.6632257,-79.4397052"
Kingston Rd / Beech Ave,43.680095,-79.291714,15,2,"43.680095,-79.291714"
Victoria Park Ave / Danforth Ave,43.691468,-79.288619,19,15,"43.691468,-79.288619"
Union Station,43.645609,-79.380386,43,7,"43.645609,-79.380386"
Hayter St / Laplante Ave,43.6591666666667,-79.3855555555556,22,15,"43.6591666666667,-79.3855555555556"
Seaton St / Dundas St E,43.658777,-79.369596,32,16,"43.658777,-79.369596"
Lundy Ave / Etienne Brule Park,43.6625395,-79.5030161,15,5,"43.6625395,-79.5030161"
Chiltern Hill Rd / Eglinton Ave W,43.7004017,-79.4275305,17,4,"43.7004017,-79.4275305"
Torresdale Ave / Antibes Dr,43.77953,-79.45233,15,10,"43.77953,-79.45233"
Ester Shiner Stadium,43.7774374,-79.4447096,23,15,"43.7774374,-79.4447096"
St. George St / Hoskin Ave,43.6637403,-79.39806449999999,15,8,"43.6637403,-79.39806449999999"
Fleming Cres / Bayview Ave,43.707045,-79.375437,15,2,"43.707045,-79.375437"
King St E / Victoria St,43.6495789,-79.3762096,19,8,"43.6495789,-79.3762096"
Amaleda Ave / Vaughan Rd,43.690903,-79.4375028,16,5,"43.690903,-79.4375028"
Adelaide St W / Strachan Ave,43.643253094827294,-79.41230469904167,15,7,"43.643253094827294,-79.41230469904167"
Royal York Rd / Lake Shore Blvd W,43.6029904,-79.4926867,19,7,"43.6029904,-79.4926867"
Runnymede Rd / Annette St,43.6596299,-79.4799176,15,11,"43.6596299,-79.4799176"
Salem Ave / Bloor St W,43.6608333,-79.43166666666667,15,8,"43.6608333,-79.43166666666667"
Dufferin St / Bloor St,43.66083333333333,-79.43583333333333,22,15,"43.66083333333333,-79.43583333333333"
Davisville Ave / Pailton Cres,43.69933,-79.39199,19,18,"43.69933,-79.39199"
345 High Park Ave,43.6653032,-79.4701178,15,2,"43.6653032,-79.4701178"
10 Judson St,43.6162721,-79.4990363,19,16,"43.6162721,-79.4990363"
Wilket Creek Park,43.720645,-79.355474,27,8,"43.720645,-79.355474"
2659 Dundas St W,43.6641174,-79.4588522,15,11,"43.6641174,-79.4588522"
1266 Queen St W,43.6424558,-79.4296346,15,12,"43.6424558,-79.4296346"
80 Oriole Parkway,43.6954486,-79.4026176,19,3,"43.6954486,-79.4026176"
108 East Lynn Avenue,43.6850809,-79.3149901,15,9,"43.6850809,-79.3149901"
840 Danforth Ave,43.6800218,-79.3405681,16,11,"43.6800218,-79.3405681"
1295-1307 Military Trail,43.7842419,-79.1849889,16,0,"43.7842419,-79.1849889"
Lake Shore Blvd E / Parliament St,43.6451308,-79.36536439999999,15,13,"43.6451308,-79.36536439999999"
324 Cherry St,43.6482995,-79.3552533,19,10,"43.6482995,-79.3552533"
117 Elm Street,43.65637299999999,-79.38781039999999,17,5,"43.65637299999999,-79.38781039999999"
Walton St / Elizabeth St,43.657838,-79.38631,20,3,"43.657838,-79.38631"
Waterfront Trail (Rouge Hill),43.778015,-79.131911,19,3,"43.778015,-79.131911"
St Clair Ave W / Gunns Rd,43.672079,-79.470171,23,6,"43.672079,-79.470171"
Pape Ave / Gamble Ave,43.690237,-79.350119,19,7,"43.690237,-79.350119"
Roehampton Ave / Mount Pleasant Rd - SMART,43.70942,-79.39139,19,5,"43.70942,-79.39139"
Church St / Bloor St E,43.671389,-79.382919,15,6,"43.671389,-79.382919"
200 Bloor St. E.,43.671561,-79.38117,23,15,"43.671561,-79.38117"
Bloor St W / Balmuto St,43.669903,-79.387802,11,6,"43.669903,-79.387802"
Moore Park,43.693256,-79.383238,14,10,"43.693256,-79.383238"
3 Pacific Avenue,43.65412449999999,-79.4636388,7,3,"43.65412449999999,-79.4636388"
896 Danforth Avenue,43.680207,-79.339243,15,5,"43.680207,-79.339243"
Bloor St W / Brock Av,43.6589882,-79.438715,11,7,"43.6589882,-79.438715"
Davenport Rd / Oakwood Rd - SMART,43.6741219,-79.4352208,16,1,"43.6741219,-79.4352208"
1 Market St,43.6469928,-79.3706665,19,11,"43.6469928,-79.3706665"
Brick Works,43.683884,-79.36647,25,5,"43.683884,-79.36647"
600 University Ave,43.6578449,-79.3899265,18,17,"43.6578449,-79.3899265"
University Ave / King St W,43.6477785,-79.3847928,23,5,"43.6477785,-79.3847928"
Amroth Ave / Danforth Ave,43.6856128,-79.31168269999999,19,7,"43.6856128,-79.31168269999999"
Summerhill Station,43.681944,-79.390556,11,1,"43.681944,-79.390556"
Niagara St / Richmond St W,43.64534,-79.409597,26,18,"43.64534,-79.409597"
85 Beaty Avenue,43.6393107,-79.4408141,19,14,"43.6393107,-79.4408141"
163 Fallingbrook Rd,43.68306889999999,-79.279682,23,5,"43.68306889999999,-79.279682"
Queen St E / Rushbrooke Ave,43.6626628,-79.3323698,15,10,"43.6626628,-79.3323698"
Donlands Station,43.681114,-79.3373885,15,3,"43.681114,-79.3373885"
Lynn Williams St / East Liberty St,43.638925,-79.4168659,15,6,"43.638925,-79.4168659"
Eastwood Rd / Woodbine Ave,43.676216,-79.309395,14,8,"43.676216,-79.309395"
Victoria St / Queen St E,43.652822,-79.378208,23,19,"43.652822,-79.378208"
26 Dundas Street East,43.656633,-79.379625,39,23,"43.656633,-79.379625"
Gerrard St E / Victoria Park Ave,43.686962,-79.286864,16,4,"43.686962,-79.286864"
98 Glenvale Boulevard,43.718039,-79.371914,17,0,"43.718039,-79.371914"
Bay St / Scollard St,43.672152,-79.39018,15,9,"43.672152,-79.39018"
Weston Rd / St Clair Ave W,43.673019,-79.467994,19,15,"43.673019,-79.467994"
60 Raab Blvd,43.72268,-79.37644,15,9,"43.72268,-79.37644"
505 College Street,43.6504218,-79.4407647,26,1,"43.6504218,-79.4407647"
1451 Yonge Street,43.68850459999999,-79.3940052,19,8,"43.68850459999999,-79.3940052"
Spadina Ave / Blue Jays Way,43.641705,-79.393295,31,30,"43.641705,-79.393295"
2511 bloor st w,43.647663,-79.487583,23,4,"43.647663,-79.487583"
Test,43.720998,-79.377456,11,0,"43.720998,-79.377456"
3180 Yonge Street,43.72814640000001,-79.4032194,12,6,"43.72814640000001,-79.4032194"
Simcoe St / Michael Sweet Ave,43.652327224103,-79.3882538196087,19,3,"43.652327224103,-79.3882538196087"
Queen St W / Dovercourt Rd,43.6438602,-79.4227573,11,11,"43.6438602,-79.4227573"
2639 Bloor St W,43.64920406876699,-79.49336334201408,27,16,"43.64920406876699,-79.49336334201408"
225 University Avenue,43.6503935,-79.3860211,35,4,"43.6503935,-79.3860211"
135 Queens Warf,43.6399714,-79.39940399999999,16,16,"43.6399714,-79.39940399999999"
"406 Oakwood Ave, York, ON M6E 2W3",43.68827060022711,-79.43937767081853,19,2,"43.68827060022711,-79.43937767081853"
Granby St / Church St -SMART,43.6614605,-79.37894570000002,24,10,"43.6614605,-79.37894570000002"
Lumsden Ave / Eastdale Ave,43.69413548199171,-79.30058718775287,20,10,"43.69413548199171,-79.30058718775287"
24 Lawrence Ave East,43.7254665,-79.40115449999999,23,1,"43.7254665,-79.40115449999999"
Roehampton Ave / Yonge St,43.7083577,-79.39886200000001,35,14,"43.7083577,-79.39886200000001"
Hanna Ave / Liberty St,43.63840090000001,-79.4197107,17,1,"43.63840090000001,-79.4197107"
425 Don Mills Rd,43.7027268,-79.33368089999999,19,17,"43.7027268,-79.33368089999999"
St Columba Pl / St Clair Ave E,43.70567,-79.310554,18,5,"43.70567,-79.310554"
Strachan Ave / Princes' Blvd,43.635,-79.4088888888889,19,7,"43.635,-79.4088888888889"
King St E / River St,43.656784782853144,-79.35627385059036,15,10,"43.656784782853144,-79.35627385059036"
Yonge St / Golfdale Rd,43.732016,-79.403637,15,4,"43.732016,-79.403637"
909 Yonge St,43.67515255542865,-79.38849615969643,14,7,"43.67515255542865,-79.38849615969643"
640 Bloor Street East,43.67468857448634,-79.36701962396272,19,10,"43.67468857448634,-79.36701962396272"
"1 Chedington Pl, North York, ON M4N 3R4",43.727365488246306,-79.3814254607724,16,6,"43.727365488246306,-79.3814254607724"
1303 YONGE Street,43.6846177,-79.39245919999999,16,0,"43.6846177,-79.39245919999999"
York University Station - SMART,43.77345,-79.5002,16,6,"43.77345,-79.5002"
Woodbine Subway Station - SMART,43.686442,-79.313404,15,4,"43.686442,-79.313404"
698 Spadina Avenue,43.66402799999999,-79.40297869999999,35,13,"43.66402799999999,-79.40297869999999"
Simcoe St / Queen St W,43.65049,-79.3873,39,1,"43.65049,-79.3873"
Bathurst St / Front St W,43.64134790000001,-79.4013882,27,17,"43.64134790000001,-79.4013882"
Bay St / Harbour St (East),43.64215,-79.377,23,9,"43.64215,-79.377"
E Liberty St / Western Battery Rd,43.6392777,-79.4115736,18,1,"43.6392777,-79.4115736"
522 King Street West,43.645102,-79.39744979999999,22,12,"43.645102,-79.39744979999999"
"1101 Bloor Street West, Toronto",43.6602021,-79.4342726,10,3,"43.6602021,-79.4342726"
200 Parkside Drive,43.644887,-79.45641169999999,15,14,"43.644887,-79.45641169999999"
26 Lipton Avenue,43.680012,-79.34403250000001,26,19,"43.680012,-79.34403250000001"
Fort York Blvd / Garrison Rd,43.637381,-79.406112,15,5,"43.637381,-79.406112"
Housey St / Dan Leckie Way,43.63811,-79.397877,27,17,"43.63811,-79.397877"
1529 Dundas Street West,43.64957,-79.432446,15,7,"43.64957,-79.432446"
85 Lee Ave,43.6700692,-79.2971326,26,19,"43.6700692,-79.2971326"
78 Mutual Street - SMART Vault,43.6559476,-79.37558829999999,19,10,"43.6559476,-79.37558829999999"
Queen St E and Joseph Duggan Rd - SMART Vault,43.6677628,-79.30811709999999,18,7,"43.6677628,-79.30811709999999"
Heyworth Cres / Kingston Rd - SMART Vault,43.6750806,-79.3068697,19,5,"43.6750806,-79.3068697"
St Clair Ave W / Caledonia Rd - SMART Vault,43.6754247,-79.4547813,13,1,"43.6754247,-79.4547813"
Wellington St W / Stafford St,43.6409957,-79.40966630000001,23,19,"43.6409957,-79.40966630000001"
111 Broadview Ave,43.6593483,-79.34993659999999,18,4,"43.6593483,-79.34993659999999"
Christie St / Dupont St,43.67168,-79.421192,19,10,"43.67168,-79.421192"
Richmond St E / Jarvis St Green P,43.652634,-79.374222,16,7,"43.652634,-79.374222"
Bathurst St / Dundas St W,43.6519501,-79.4060978,27,20,"43.6519501,-79.4060978"
274 Oak St,43.6613642,-79.3641171,19,7,"43.6613642,-79.3641171"
24 Mountjoy Ave - SMART Vault,43.6808774,-79.3304491,17,5,"43.6808774,-79.3304491"
88 Colgate Ave - SMART Vault,43.6623658,-79.3413344,19,18,"43.6623658,-79.3413344"
Felstead Ave / Gillard Ave (Monarch Park) - SMART Vault,43.6791345,-79.3263159,27,13,"43.6791345,-79.3263159"
The Esplanade & Lower Jarvis St,43.6478206,-79.3704721,15,7,"43.6478206,-79.3704721"
7972 Remembrance Drive,43.635495,-79.40352209999999,19,3,"43.635495,-79.40352209999999"
101 cedarvale Ave,43.6868681,-79.3110942,20,0,"43.6868681,-79.3110942"
St Clair Ave W / Oakwood Ave - SMART Vault,43.678177,-79.435364,15,1,"43.678177,-79.435364"
5 Merton Street,43.6962302,-79.39504339999999,23,0,"43.6962302,-79.39504339999999"
Shaw St / Essex St - SMART,43.667076,-79.425116,15,8,"43.667076,-79.425116"
St Clair Ave W / Robina Ave - SMART Vault,43.68005,-79.43469,15,6,"43.68005,-79.43469"
Joseph J Piccininni Community Centre,43.675648,-79.4527619,19,4,"43.675648,-79.4527619"
11 SPADINA RD,43.6677246,-79.4041365,18,0,"43.6677246,-79.4041365"
Vanauley St / Queen St W,43.648437,-79.39838,12,7,"43.648437,-79.39838"
Sherbourne St / Wellesley St E,43.6673,-79.374,31,16,"43.6673,-79.374"
Queen St W / York St (City Hall),43.6517925,-79.38269509999999,23,9,"43.6517925,-79.38269509999999"
Queen St W / Roncesvalles Ave,43.6372958,-79.4423237,19,5,"43.6372958,-79.4423237"
71 Havelock Street,43.6554793,-79.4302462,15,3,"43.6554793,-79.4302462"
2 Heath Street West,43.686352,-79.415894,22,0,"43.686352,-79.415894"
999 Queen Street West,43.6442457,-79.41610440000001,23,17,"43.6442457,-79.41610440000001"
York University Station,43.7741,-79.5005,15,3,"43.7741,-79.5005"
333 St.Clair Ave West,43.683979,-79.410657,15,0,"43.683979,-79.410657"
Spadina Ave / Adelaide St W,43.6472019,-79.3953394,15,11,"43.6472019,-79.3953394"
Cherry St / Mill St,43.6513927,-79.35794659999999,15,9,"43.6513927,-79.35794659999999"
Jarvis St / Maitland Pl,43.6647688,-79.3772602,17,1,"43.6647688,-79.3772602"
55 Temperance St,43.6506,-79.381285,23,11,"43.6506,-79.381285"
Cherry Beach Sports Field (55 Unwin Ave),43.6408346,-79.3429074,15,6,"43.6408346,-79.3429074"
152 Perth Avenue,43.6585504,-79.4497659,19,11,"43.6585504,-79.4497659"
15 Denison Ave,43.6484201,-79.40051919999999,28,7,"43.6484201,-79.40051919999999"
324 Cedarvale Avenue,43.693187,-79.314283,11,5,"43.693187,-79.314283"
18 Portland Street,43.6425791,-79.40011729999999,11,5,"43.6425791,-79.40011729999999"
75 The Esplanade,43.6469251,-79.3733192,18,9,"43.6469251,-79.3733192"
620 King Street West,43.644395,-79.40065430000001,16,9,"43.644395,-79.40065430000001"
360 King Street West,43.6463574,-79.391206,11,6,"43.6463574,-79.391206"
280 Wellesley Street East,43.6682342,-79.3702641,15,1,"43.6682342,-79.3702641"
1126 Yonge Street,43.6791876,-79.39071899999999,15,0,"43.6791876,-79.39071899999999"
Davenport Rd / Bedford Rd,43.674446,-79.398331,15,3,"43.674446,-79.398331"
265 Armadale Ave,43.6501644,-79.48296909999999,31,18,"43.6501644,-79.48296909999999"
800 Fleet Street,43.636804,-79.408832,43,28,"43.636804,-79.408832"
St Joseph St / Bay St,43.6658804,-79.38761010000002,19,5,"43.6658804,-79.38761010000002"
1085 Kingston Rd,43.68035,-79.28357,15,10,"43.68035,-79.28357"
Ontario St / Adelaide St E -SMART,43.6535052,-79.3667689,17,7,"43.6535052,-79.3667689"
150 Highview Avenue,43.702418581463505,-79.2563167072858,15,13,"43.702418581463505,-79.2563167072858"
Kingston Rd / Warden Ave,43.68824135931814,-79.27046628033244,14,4,"43.68824135931814,-79.27046628033244"
Birchcliff Ave / Kingston Rd,43.691688,-79.265027,15,9,"43.691688,-79.265027"
5 Glen Everest Rd (Rosetta McClain Gardens),43.697490048103,-79.25655146462776,15,9,"43.697490048103,-79.25655146462776"
Birchmount Rd / Kingston Rd,43.69401297794256,-79.26257204548136,15,12,"43.69401297794256,-79.26257204548136"
Pharmacy Ave / Danforth Ave,43.6929478,-79.28339980000001,15,3,"43.6929478,-79.28339980000001"
Danforth Ave / Warden Ave,43.6950192,-79.27180659999999,15,4,"43.6950192,-79.27180659999999"
2343 Eglinton Ave W,43.69263249999999,-79.4627536,19,5,"43.69263249999999,-79.4627536"
50 Natal St,43.7105975,-79.2541175,15,1,"43.7105975,-79.2541175"
2067 EglintonAve W,43.69415,-79.45782580000001,19,1,"43.69415,-79.45782580000001"
120 Marlee Ave,43.70163,-79.44099,19,1,"43.70163,-79.44099"
BERT ROBINSON PARK,43.688028,-79.460265,15,2,"43.688028,-79.460265"
200 Rogers Rd,43.68323,-79.455765,23,1,"43.68323,-79.455765"
1963 Eglinton Ave W,43.69466,-79.45376999999999,14,1,"43.69466,-79.45376999999999"
23 Chester Ave.,43.6784834,-79.3513564,9,2,"43.6784834,-79.3513564"
2682 Bloor St W,43.65016869999999,-79.4963345,19,6,"43.65016869999999,-79.4963345"
342 Prince Edward Dr N,43.6492,-79.50601999999999,15,8,"43.6492,-79.50601999999999"
Luttrell Ave / Danforth Ave,43.6897656,-79.2939525,15,6,"43.6897656,-79.2939525"
1926 Lake Shore Blvd W,43.6357643,-79.4674917,23,21,"43.6357643,-79.4674917"
36A Park Lawn Road,43.62369169999999,-79.4838132,15,7,"43.62369169999999,-79.4838132"
119 Constance Street,43.648657,-79.458111,15,14,"43.648657,-79.458111"
Ted Rogers Way / Bloor St E,43.671293,-79.380471,23,15,"43.671293,-79.380471"
481 Locksley Avenue,43.699327072589426,-79.4493630391668,14,3,"43.699327072589426,-79.4493630391668"
316 Park Lawn Road,43.63560589999999,-79.4934616,15,1,"43.63560589999999,-79.4934616"
Tobemory Dr / Finch Hydro Recreational Trail,43.7611741,-79.5114452,19,7,"43.7611741,-79.5114452"
Driftwood Ave / Finch Hydro Trail,43.7603624,-79.5162777,18,0,"43.7603624,-79.5162777"
45 Grand Avenue,43.62313,-79.4918,21,9,"43.62313,-79.4918"
1804 Ian Macdonald Boulevard,43.772445,-79.511912,15,6,"43.772445,-79.511912"
Berkeley St / Adelaide St E - SMART,43.653359,-79.365023,11,7,"43.653359,-79.365023"
2301 Kingston Rd,43.70643614257429,-79.25104443353288,11,8,"43.70643614257429,-79.25104443353288"
152 Shuter Street,43.655972,-79.370638,15,12,"43.655972,-79.370638"
York St / Lakeshore St W - South,43.641952,-79.380723,19,10,"43.641952,-79.380723"
8 Maud Street,43.646552,-79.399586,11,8,"43.646552,-79.399586"
184 College St,43.6591529,-79.3947953,14,5,"43.6591529,-79.3947953"
Emerson Ave / Bloor St W,43.659055,-79.440764,23,3,"43.659055,-79.440764"
Sherbourne St / Isabella St,43.669576,-79.375961,19,4,"43.669576,-79.375961"
Victoria Park Ave / Dawes Rd,43.706466,-79.29511,19,3,"43.706466,-79.29511"
Roncesvalles Ave / Fermanagh Ave - SMART Vault,43.646314469245205,-79.44879407014527,19,18,"43.646314469245205,-79.44879407014527"
Tommy Thompson Park (Leslie Street Spit),43.65222662225532,-79.32295440954084,31,27,"43.65222662225532,-79.32295440954084"
St. John's Rd / Dundas St W,43.66526761605873,-79.47502122887077,15,11,"43.66526761605873,-79.47502122887077"
496 Bloor St W,43.66554144421798,-79.41010317605742,15,1,"43.66554144421798,-79.41010317605742"
Pioneer Village Subway Station,43.77649016265579,-79.5085364909097,11,4,"43.77649016265579,-79.5085364909097"
Toronto Eaton Centre (Yonge St),43.655431,-79.380653,20,8,"43.655431,-79.380653"
361 University Ave,43.65351799690878,-79.38591063795928,14,3,"43.65351799690878,-79.38591063795928"
Lake Shore Blvd W / Brow Dr,43.59119994025076,-79.54449133041076,15,1,"43.59119994025076,-79.54449133041076"
25 BOOTH AVE,43.6544839,-79.34105699999999,24,4,"43.6544839,-79.34105699999999"
215 Spadina Ave,43.65082785552666,-79.39698099821702,23,8,"43.65082785552666,-79.39698099821702"
St. Clair Ave W / Osler St,43.673843560032594,-79.46092618902435,11,5,"43.673843560032594,-79.46092618902435"
Simcoe St / King St W,43.647508351306186,-79.38604436555764,15,2,"43.647508351306186,-79.38604436555764"
5 Grenoble Dr,43.71513211098082,-79.33413623320465,14,0,"43.71513211098082,-79.33413623320465"
48 Grenoble Dr,43.71649675774656,-79.33089439933623,15,6,"43.71649675774656,-79.33089439933623"
75 Grenoble Dr,43.715537998967406,-79.32811427663442,11,8,"43.715537998967406,-79.32811427663442"
12 Thorncliffe Park Dr,43.70400405297843,-79.34807015078738,15,6,"43.70400405297843,-79.34807015078738"
250 Ferrand Dr,43.719632535237835,-79.33199950866776,19,9,"43.719632535237835,-79.33199950866776"
165 McRae Dr,43.70656159598004,-79.36781965092621,15,3,"43.70656159598004,-79.36781965092621"
75 Thorncliffe Park Dr,43.70518328279426,-79.34224729962946,11,4,"43.70518328279426,-79.34224729962946"
220 Davisville Ave (June Rowlands Park),43.70088225686968,-79.38736016665911,16,0,"43.70088225686968,-79.38736016665911"
525 Avenue Rd (Amsterdam Square),43.68688938028234,-79.40099513147447,15,0,"43.68688938028234,-79.40099513147447"
HTO Park (Queens Quay W),43.63796,-79.387502,27,12,"43.63796,-79.387502"
Nassau St / Bellvue Ave,43.65484215542248,-79.40351232494366,15,8,"43.65484215542248,-79.40351232494366"
Huron/ Harbord St,43.6637,-79.400053,19,7,"43.6637,-79.400053"
Ward Ave / Wallace Ave,43.662857,-79.44618,15,7,"43.662857,-79.44618"
Starspray Ave / Lawrence Ave E,43.788319,-79.123505,19,3,"43.788319,-79.123505"
The Well,43.643025055165865,-79.39430137761319,19,12,"43.643025055165865,-79.39430137761319"
60 Carl Hall Rd,43.7482972,-79.47570569999999,20,3,"43.7482972,-79.47570569999999"
375 Queens Quay West,43.63737145931921,-79.38976958703309,31,11,"43.63737145931921,-79.38976958703309"
60 George Butchart Dr,43.73673829262113,-79.48227195568086,20,7,"43.73673829262113,-79.48227195568086"
25 Vitti St,43.753107,-79.479626,20,1,"43.753107,-79.479626"
2 John Drury Dr,43.7494501,-79.4869662,16,4,"43.7494501,-79.4869662"
Exhibition GO (Atlantic Ave),43.637695491830144,-79.42023184193503,15,1,"43.637695491830144,-79.42023184193503"
Queens Quay E / Lower Jarvis St ,43.64392767366328,-79.3687301736982,22,18,"43.64392767366328,-79.3687301736982"
Phoebe St / Spadina Ave,43.650033,-79.396555,32,1,"43.650033,-79.396555"
Lynn William St / Pirandello St ,43.639124514797004,-79.41423166721611,17,12,"43.639124514797004,-79.41423166721611"
Bay St / Queens Quay W (Ferry Terminal),43.640978,-79.376785,35,7,"43.640978,-79.376785"
College St / Huron St,43.658148,-79.398167,19,6,"43.658148,-79.398167"
Northern Dancer Blvd / Lake Shore Blvd E,43.663162,-79.309765,27,15,"43.663162,-79.309765"
Spadina Rd / Austin Terrace,43.67883,-79.408723,17,9,"43.67883,-79.408723"
York St / Queens Quay W,43.640132,-79.380464,57,6,"43.640132,-79.380464"
Front St W / University Ave (1),43.6451635,-79.3831757,19,2,"43.6451635,-79.3831757"
9 Willingdon Blvd,43.64817,-79.510392,15,3,"43.64817,-79.510392"
Wallace Ave / Symington Ave,43.661324,-79.449534,12,10,"43.661324,-79.449534"
Yonge / Wellesley,43.66496415990742,-79.38355031526893,23,12,"43.66496415990742,-79.38355031526893"
York St / Harbour St (Love Park),43.640741,-79.3798521,15,5,"43.640741,-79.3798521"
Sherbourne St / Carlton St (Allan Gardens),43.663102,-79.373181,17,7,"43.663102,-79.373181"
Ontario Place Blvd / Lake Shore Blvd W,43.6322445,-79.4108105,27,7,"43.6322445,-79.4108105"
Simcoe St / Dundas St W,43.655103,-79.389295,20,11,"43.655103,-79.389295"
College St / Markham St,43.6563888888889,-79.4091666666667,19,4,"43.6563888888889,-79.4091666666667"
Dundas St W / Crawford St,43.649722,-79.416944,23,18,"43.649722,-79.416944"
Sunnyside - Gus Ryder Pool,43.637894,-79.454823,27,19,"43.637894,-79.454823"
High Park - West Rd,43.6525077,-79.4654233,23,2,"43.6525077,-79.4654233"
Bloor St W / High Park Ave (High Park),43.6535269,-79.4650569,23,5,"43.6535269,-79.4650569"
Front St E / Cherry St,43.652686,-79.358395,15,13,"43.652686,-79.358395"
Barbara Hall Park,43.666850777484896,-79.38114574756837,12,10,"43.666850777484896,-79.38114574756837"
Dundas St E / River St,43.661152,-79.358505,19,11,"43.661152,-79.358505"
Shuter St / River St,43.659296,-79.358035,15,5,"43.659296,-79.358035"
Madison Ave / Bloor St W,43.667158,-79.402761,15,5,"43.667158,-79.402761"
Danforth Ave / Danforth Rd,43.69362206784152,-79.27710529695892,15,3,"43.69362206784152,-79.27710529695892"
Brimley Rd / McCowan District Park,43.72704086366749,-79.24391402446746,19,3,"43.72704086366749,-79.24391402446746"
Ossington Ave / Bruce St,43.64570236705167,-79.41933192053696,14,14,"43.64570236705167,-79.41933192053696"
1430 King St W,43.63735795888104,-79.43617975886079,12,6,"43.63735795888104,-79.43617975886079"
39-45 Parkcrest Dr,43.73596719224253,-79.21995221481933,15,2,"43.73596719224253,-79.21995221481933"
"45 Fairfax Crescent, Toronto, ON, M1L 1Z6",43.7154661,-79.2876595,19,5,"43.7154661,-79.2876595"
75 Lansdowne Ave,43.642904395956684,-79.43746059447746,14,4,"43.642904395956684,-79.43746059447746"
438 Danforth Rd,43.70688,-79.26850999999999,15,10,"43.70688,-79.26850999999999"
125 Pharmacy Ave,43.697356080874876,-79.28528711019696,19,11,"43.697356080874876,-79.28528711019696"
25 Montgomery Ave,43.70960859570095,-79.39915125005619,12,0,"43.70960859570095,-79.39915125005619"
552 Birchmount Rs,43.71176278859601,-79.27028152889692,15,10,"43.71176278859601,-79.27028152889692"
Highfield Rd / Gerrard St E,43.671771,-79.324961,19,17,"43.671771,-79.324961"
Eastgate Ct / Pharmacy Ave ,43.7110442448186,-79.29127313845584,15,7,"43.7110442448186,-79.29127313845584"
Firvalley Ct / Warden Ave,43.7032112,-79.2787149,19,8,"43.7032112,-79.2787149"
425 Midland Ave,43.7128578,-79.2487086,19,0,"43.7128578,-79.2487086"
10 Bellamy Rd S,43.7323277855009,-79.22496619876934,19,11,"43.7323277855009,-79.22496619876934"
13 Avenue Rd,43.669821695059376,-79.39444614603269,15,12,"43.669821695059376,-79.39444614603269"
High Park Amphitheatre,43.645653,-79.464366,23,22,"43.645653,-79.464366"
High Park Outdoor Pool,43.649217,-79.465319,27,14,"43.649217,-79.465319"
Fenwood Ht / Kingston Rd,43.72690169821676,-79.22920396582664,15,5,"43.72690169821676,-79.22920396582664"
Avenue Rd / Macpherson Ave ,43.67794376009951,-79.39836278587889,14,3,"43.67794376009951,-79.39836278587889"
PRINCES' BLVD / NOVA SCOTIA AVE,43.634565,-79.409161,15,6,"43.634565,-79.409161"
Queen St W / Gladstone Ave,43.64309687937765,-79.42875613770637,15,15,"43.64309687937765,-79.42875613770637"
Bay St / Dundas St W,43.655350778457056,-79.38345966759798,26,19,"43.655350778457056,-79.38345966759798"
Shaw St / King St W,43.6412561641921,-79.41502994047545,15,13,"43.6412561641921,-79.41502994047545"
Queen St W / Portland St,43.6476,-79.4015,15,3,"43.6476,-79.4015"
1835 Yonge St. ,43.6962750705313,-79.39629396191867,23,10,"43.6962750705313,-79.39629396191867"
3 Soudan Ave,43.70430959999999,-79.3972815,19,1,"43.70430959999999,-79.3972815"
755 Avenue Rd,43.69711160305226,-79.40537298227844,15,1,"43.69711160305226,-79.40537298227844"
1612 Danforth Ave ,43.68370788065334,-79.32262453633884,15,15,"43.68370788065334,-79.32262453633884"
